id,name_en,name_ko,name_ko_alt,type,lat,lng,verses,status
aea17b7,Abana,Abana,,강,33.513542,36.305,열왕기하 5:12,확인 필요
aa8275b,Abarim,Abarim,,산맥,31.7539,35.7152,민수기 27:12; 민수기 33:47; 민수기 33:48; 신명기 32:49; 예레미야 22:20,확인 필요
a72a1ff,Abdon,Abdon,,도시,33.047692,35.161916,여호수아 21:30; 역대상 6:74,확인 필요
abffcaa,Abel-beth-maacah,Abel-beth-maacah,,도시,33.258051,35.581007,사무엘하 20:14; 사무엘하 20:15; 사무엘하 20:18; 열왕기상 15:20; 열왕기하 15:29,확인 필요
a957c5b,Abel-keramim,Abel-keramim,,도시,31.87561,36.00486,사사기 11:33,확인 필요
a5a1bdd,Abel-meholah,Abel-meholah,,도시,32.3743,35.56089,사사기 7:22; 열왕기상 4:12; 열왕기상 19:16,확인 필요
a70ac98,Abel-mizraim,Abel-mizraim,,도시,31.914888,35.530445,창세기 50:11,확인 필요
a51d1fa,Abel-shittim,Abel-shittim,,campsite,31.84018,35.67368,민수기 33:49,확인 필요
a549c0f,Abiezer,Abiezer,,people group,32.6057,35.29,사사기 8:2,확인 필요
a818a40,Abila,Abila,,도시,31.905663,35.855908,,확인 필요
a276d01,Abila Lysaniou,Abila Lysaniou,,도시,33.626667,36.105833,,확인 필요
a498faa,Abilene,Abilene,,지역,33.626667,36.105833,누가복음 3:1,확인 필요
a7560c2,Abronah,Abronah,,campsite,29.530676,34.999999,민수기 33:34; 민수기 33:35,확인 필요
a8b7a6b,Accad,Accad,,도시,33.025556,44.391944,창세기 10:10,확인 필요
a5f4dfc,Acco,Acco,,도시,32.921111,35.088333,사사기 1:31,확인 필요
aef4242,Achaia,Achaia,,지역,38.72,22.54,사도행전 18:12; 사도행전 18:27; 사도행전 19:21; 로마서 15:26; 고린도전서 16:15,확인 필요
a8ce5c4,Achshaph,Achshaph,,도시,32.75885,35.09027,여호수아 11:1; 여호수아 12:20; 여호수아 19:25,확인 필요
a2270e4,Achzib 1,Achzib 1,,도시,31.642074,34.953019,여호수아 15:44; 미가 1:14,확인 필요
ad0d82f,Achzib 2,Achzib 2,,도시,33.048278,35.102652,여호수아 19:29; 사사기 1:31,확인 필요
abf4481,Adadah,Adadah,,도시,31.15214,34.97907,여호수아 15:22,확인 필요
adc31c7,Adam,Adam,,도시,32.103933,35.546789,여호수아 3:16,확인 필요
afe1143,Adamah,Adamah,,도시,32.799722,35.459722,여호수아 19:36,확인 필요
a2c780b,Adami-nekeb,Adami-nekeb,,도시,32.749167,35.459167,여호수아 19:33,확인 필요
a6e831d,Adasa,Adasa,,도시,31.84881,35.16363,,확인 필요
aaee94d,Addar,Addar,,도시,30.583378,34.484081,여호수아 15:3,확인 필요
a95b373,Addon,Addon,,도시,32.543333,44.422222,에스라 2:59; 느헤미야 7:61,확인 필요
a845493,Adithaim,Adithaim,,도시,31.963319,34.951764,여호수아 15:36,확인 필요
a41a054,Admah,Admah,,도시,31.20849,35.449223,창세기 10:19; 창세기 14:2; 창세기 14:8; 신명기 29:23; 호세아 11:8,확인 필요
ae16cf5,Adoraim,Adoraim,,도시,31.50506,35.0275,역대하 11:9,확인 필요
a184f3a,Adramyttium,Adramyttium,,도시,39.500667,26.932716,사도행전 27:2,확인 필요
adc77fb,Adriatic Sea,Adriatic Sea,,body of water,38,19,사도행전 27:27,확인 필요
ab7c40f,Adulis,Adulis,,도시,15.263061,39.660552,,확인 필요
af82614,Adullam,Adullam,,도시,31.651667,35.001667,창세기 38:1; 여호수아 12:15; 여호수아 15:35; 사무엘상 22:1; 사무엘하 23:13,확인 필요
acf8790,Adummim,Adummim,,road,31.8175,35.361505,여호수아 15:7; 여호수아 18:17,확인 필요
a112fe3,Aenon,Aenon,,도시,32.38152,35.52821,요한복음 3:23,확인 필요
a6c3859,Ahava,Ahava,,canal,32.543333,44.422222,에스라 8:15; 에스라 8:21; 에스라 8:31,확인 필요
a36348c,Ahlab,Ahlab,,도시,33.317804,35.243368,사사기 1:31,확인 필요
a7e13e1,Ai 1,Ai 1,,도시,31.916944,35.261111,창세기 12:8; 창세기 13:3; 여호수아 7:2; 여호수아 7:3; 여호수아 7:4,확인 필요
a63c70b,Ai 3,Ai 3,,도시,31.916944,35.261111,에스라 2:28; 느헤미야 7:32,확인 필요
ad053dd,Aiath,Aiath,,도시,31.916944,35.261111,이사야 10:28,확인 필요
aa884e2,Aija,Aija,,도시,31.916944,35.261111,느헤미야 11:31,확인 필요
a1c600b,Aijalon 1,Aijalon 1,,도시,31.841111,35.023611,여호수아 19:42; 여호수아 21:24; 사사기 1:35; 사무엘상 14:31; 역대상 6:69,확인 필요
a2e7975,Aijalon 2,Aijalon 2,,도시,32.814086,35.309023,사사기 12:12,확인 필요
a89511f,Ain 1,Ain 1,,도시,32.71865,35.66791,민수기 34:11,확인 필요
afb265c,Ain 2,Ain 2,,도시,31.38333,34.86564,여호수아 15:32; 여호수아 19:7; 역대상 4:32,확인 필요
adbc931,Ain 3,Ain 3,,도시,31.38333,34.86564,여호수아 21:16,확인 필요
a040ba5,Akeldama,Akeldama,,field,31.76841,35.23288,마태복음 27:8; 사도행전 1:19,확인 필요
a39267b,Akrabbim,Akrabbim,,mountain pass,30.906602,35.131259,민수기 34:4; 여호수아 15:3; 사사기 1:36,확인 필요
ad4ad26,Alemeth,Alemeth,,도시,31.824903,35.273498,역대상 6:60,확인 필요
aee7248,Alexandria,Alexandria,,도시,31.1825,29.8965,사도행전 6:9; 사도행전 18:24; 사도행전 27:6; 사도행전 28:11,확인 필요
a84cafa,Allammelech,Allammelech,,도시,32.771772,35.155668,여호수아 19:26,확인 필요
a00de1e,Allon,Allon,,tree,32.72113,35.41064,여호수아 19:33,확인 필요
af9a894,Allon-bacuth,Allon-bacuth,,tree,31.922778,35.241389,창세기 35:8,확인 필요
ada3369,Almon,Almon,,도시,31.824903,35.273498,여호수아 21:18,확인 필요
aeb052c,Almon-diblathaim,Almon-diblathaim,,도시,31.638727,35.826578,민수기 33:46; 민수기 33:47,확인 필요
a32397f,Alush,Alush,,campsite,28.770311,33.767493,민수기 33:13; 민수기 33:14,확인 필요
a8527ba,Ama,Ama,,도시,31.782302,47.869402,,확인 필요
a2f1fa1,Amad,Amad,,도시,32.6725,35.023333,여호수아 19:26,확인 필요
ab95484,Amalek,Amalek,,지역,30.648333,34.422222,Ex 17:8; Ex 17:9; Ex 17:10; Ex 17:11; Ex 17:13,확인 필요
a3e2b20,Amam,Amam,,도시,31.2185,34.90684,여호수아 15:26,확인 필요
ab428de,Amana,Amana,,산,33.688889,36.031667,Sng 4:8,확인 필요
adc3294,Amate,Amate,,도시,31.782302,47.869402,,확인 필요
ac5cab3,Amaw,Amaw,,지역,36.7014,38.0865,민수기 22:5,확인 필요
a8e4a15,Ammah,Ammah,,hill,31.841047,35.279535,사무엘하 2:24,확인 필요
a6046fa,Ammon,암몬,,지역,31.9547,35.9343,창세기 19:38; 민수기 21:24; 신명기 2:19; 신명기 2:37; 신명기 3:11,공식 성경 표기
a4bdea7,Amphipolis,Amphipolis,,도시,40.820159,23.847209,사도행전 17:1,확인 필요
a234727,Anab,Anab,,도시,31.4121,34.9549,여호수아 11:21; 여호수아 15:50,확인 필요
ac07206,Anaharath,Anaharath,,도시,32.653446,35.46614,여호수아 19:19,확인 필요
a79606b,Ananiah,Ananiah,,도시,31.771661,35.255903,느헤미야 11:32,확인 필요
ab34789,Anathoth,Anathoth,,도시,31.80752,35.25758,여호수아 21:18; 사무엘하 23:27; 열왕기상 2:26; 역대상 6:60; 역대상 11:28,확인 필요
ad13f27,Anem,Anem,,도시,32.713549,35.495439,역대상 6:73,확인 필요
a2a145b,Aner,Aner,,도시,32.521526,35.219122,역대상 6:70,확인 필요
aac6cda,Angle,Angle,,structure,31.776667,35.234167,역대하 26:9; 느헤미야 3:19; 느헤미야 3:20; 느헤미야 3:24; 느헤미야 3:25,확인 필요
ac22b90,Anim,Anim,,도시,31.353601,35.063521,여호수아 15:50,확인 필요
ae41ab4,Antioch 1,Antioch 1,,도시,36.226691,36.171743,사도행전 6:5; 사도행전 11:19; 사도행전 11:20; 사도행전 11:22; 사도행전 11:26,확인 필요
a6c704a,Antioch 2,Antioch 2,,도시,38.306111,31.189167,사도행전 13:14; 사도행전 14:19; 사도행전 14:21; 디모데후서 3:11,확인 필요
ac4f712,Aphek 1,Aphek 1,,도시,32.8461,35.1119,여호수아 19:30,확인 필요
a7b2e63,Aphek 2,Aphek 2,,도시,32.105,34.930417,여호수아 12:18; 사무엘상 4:1; 사무엘상 29:1; 사도행전 23:31,확인 필요
a6fc60d,Aphek 3,Aphek 3,,도시,32.783679,35.63729,열왕기상 20:26; 열왕기상 20:30; 열왕기하 13:17,확인 필요
a4cf129,Aphek 4,Aphek 4,,도시,34.069167,35.886111,여호수아 13:4,확인 필요
ae46bcd,Aphekah,Aphekah,,도시,31.4555,34.9975,여호수아 15:53,확인 필요
a012133,Aphik,Aphik,,도시,32.8461,35.1119,사사기 1:31,확인 필요
ab20df9,Apollonia,Apollonia,,도시,40.623703,23.469685,사도행전 17:1,확인 필요
a38ad07,Ar,Ar,,도시,31.359913,35.782764,민수기 21:15; 민수기 21:28; 신명기 2:9; 신명기 2:10; 신명기 2:18,확인 필요
adbc03e,Arab,Arab,,도시,31.43188,35.02957,여호수아 15:52,확인 필요
a2bb5ef,Arabah,아라바,,지역,30.416944,35.151389,신명기 1:1; 신명기 1:7; 신명기 2:8; 신명기 3:17; 신명기 4:49,공식 성경 표기
a59f6f5,Arabia 1,Arabia 1,,지역,23,46,열왕기상 10:15; 역대하 9:14; 이사야 21:13; 예레미야 25:24; 에스겔 27:21,확인 필요
a0f4ea8,Arabia 2,Arabia 2,,지역,30.07,35.35,갈라디아서 1:17; 갈라디아서 4:25,확인 필요
abc358b,Arad 1,Arad 1,,도시,31.280833,35.125,민수기 21:1; 민수기 33:40; 여호수아 12:14,확인 필요
a4cea2a,Arad 2,Arad 2,,도시,31.280833,35.125,사사기 1:16,확인 필요
a3e66cd,Aram,Aram,,지역,33.511112,36.30639,민수기 23:7; 사사기 18:7; 사사기 18:28; 사무엘하 8:6; 사무엘하 15:8,확인 필요
a3c7b44,Aram-naharaim,Aram-naharaim,,지역,36.864444,39.032778,시편 60:1,확인 필요
ab89be9,Ararat,Ararat,,지역,39.702761,44.300381,창세기 8:4; 열왕기하 19:37; 이사야 37:38; 예레미야 51:27,확인 필요
a576db3,Arbela,Arbela,,도시,32.815137,35.483808,,확인 필요
a815d89,Areopagus,Areopagus,,hill,37.972222,23.723611,사도행전 17:19; 사도행전 17:22; 사도행전 17:33,확인 필요
a42a5b2,Argob,Argob,,지역,32.9695,36.455383,신명기 3:4; 신명기 3:13; 신명기 3:14; 열왕기상 4:13,확인 필요
a8754c4,Ariel,Ariel,,도시,31.776667,35.234167,이사야 29:1; 이사야 29:2; 이사야 29:7,확인 필요
af3d9fc,Arimathea,Arimathea,,도시,32.028056,35.019444,마태복음 27:57; 마가복음 15:43; 누가복음 23:50; 요한복음 19:38,확인 필요
a105543,Armageddon,Armageddon,,산,32.585278,35.184444,요한계시록 16:16,확인 필요
a4cc324,Arnon,Arnon,,강,31.465833,35.573333,민수기 21:13; 민수기 21:14; 민수기 21:24; 민수기 21:26; 민수기 21:28,확인 필요
ae46f2e,Aroer 1,Aroer 1,,도시,31.4708,35.819389,민수기 32:34; 신명기 2:36; 신명기 3:12; 신명기 4:48; 여호수아 12:2,확인 필요
af74969,Aroer 2,Aroer 2,,도시,31.97016,35.871319,여호수아 13:25; 사사기 11:33,확인 필요
a1b9ca6,Aroer 3,Aroer 3,,도시,31.15214,34.97907,사무엘상 30:28,확인 필요
a620b14,Aroer 4,Aroer 4,,도시,31.15214,34.97907,역대상 11:44,확인 필요
a173c40,Arpad,Arpad,,도시,36.4725,37.094722,열왕기하 18:34; 열왕기하 19:13; 이사야 10:9; 이사야 36:19; 이사야 37:13,확인 필요
a6bd641,Arsinoe,Arsinoe,,도시,30.566667,32.266667,,확인 필요
a30e7ea,Arubboth,Arubboth,,도시,32.40731,35.133551,열왕기상 4:10,확인 필요
af536fb,Arumah,Arumah,,도시,32.147556,35.321583,사사기 9:31; 사사기 9:41,확인 필요
afbf1b5,Arvad,Arvad,,도시,34.856111,35.858333,에스겔 27:8; 에스겔 27:11,확인 필요
ab5175f,Ashan,Ashan,,도시,31.281372,34.797404,여호수아 15:42; 여호수아 19:7; 역대상 4:32; 역대상 6:59,확인 필요
a30c937,Ashdod,아스돗,,도시,31.7572,34.6578,여호수아 11:22; 여호수아 13:3; 여호수아 15:46; 여호수아 15:47; 사무엘상 5:1,공식 성경 표기
ac87d4c,Ashkelon,아스글론,,도시,31.663889,34.545833,여호수아 13:3; 사사기 1:18; 사사기 14:19; 사무엘상 6:17; 사무엘하 1:20,공식 성경 표기
aec9225,Ashkenaz,Ashkenaz,,지역,44.94278,34.12056,예레미야 51:27,확인 필요
a1e3eff,Ashnah 1,Ashnah 1,,도시,31.784708,35.006303,여호수아 15:33,확인 필요
a9a57b7,Ashnah 2,Ashnah 2,,도시,31.558611,34.976111,여호수아 15:43,확인 필요
a6fea11,Ashtaroth,Ashtaroth,,도시,32.804167,36.015833,신명기 1:4; 여호수아 9:10; 여호수아 12:4; 여호수아 13:12; 여호수아 13:31,확인 필요
afe4be0,Ashteroth-karnaim,Ashteroth-karnaim,,도시,32.804167,36.015833,창세기 14:5,확인 필요
a197f19,Asia,Asia,,지역,38.4,28.3,사도행전 2:9; 사도행전 6:9; 사도행전 16:6; 사도행전 19:10; 사도행전 19:22,확인 필요
a874951,Asshur,Asshur,,도시,35.456667,43.2625,민수기 24:22; 민수기 24:24; 시편 83:8; 에스겔 27:23,확인 필요
a0a2ca7,Assos,Assos,,도시,39.490556,26.336667,사도행전 20:13; 사도행전 20:14,확인 필요
a3d1321,Assyria,앗수르,,지역,36.3594,43.1528,창세기 2:14; 창세기 10:11; 창세기 25:18; 열왕기하 15:19; 열왕기하 15:20,공식 성경 표기
a2f186d,Atad,Atad,,도시,31.914888,35.530445,창세기 50:10; 창세기 50:11,확인 필요
abc9a1d,Ataroth 1,Ataroth 1,,도시,31.5753,35.665938,민수기 32:3; 민수기 32:34,확인 필요
a919ab0,Ataroth 2,Ataroth 2,,도시,31.8805,35.2285,여호수아 16:2,확인 필요
aaf998e,Ataroth 3,Ataroth 3,,도시,31.8805,35.2285,여호수아 16:7,확인 필요
a2bf0f8,Ataroth-addar,Ataroth-addar,,도시,31.87993,35.21752,여호수아 16:5; 여호수아 18:13,확인 필요
a0e21ff,Athach,Athach,,도시,31.61593,34.8783,사무엘상 30:30,확인 필요
a2c34ce,Atharim,Atharim,,road,30.878961,34.779822,민수기 21:1,확인 필요
a1fe6e7,Athens,아덴,,도시,37.971851,23.726738,사도행전 17:15; 사도행전 17:16; 사도행전 17:21; 사도행전 17:22; 사도행전 18:1,공식 성경 표기
a03afe1,Atroth-beth-joab,Atroth-beth-joab,,도시,31.704306,35.207639,역대상 2:54,확인 필요
afdb74b,Atroth-shophan,Atroth-shophan,,도시,31.591311,35.68742,민수기 32:35,확인 필요
ac744c1,Attalia,Attalia,,도시,36.881272,30.703614,사도행전 14:25; 사도행전 14:26,확인 필요
af3ccdf,Aven,Aven,,도시,31.922778,35.241389,호세아 10:8,확인 필요
aae8a95,Avith,Avith,,도시,30.206,35.601921,창세기 36:35; 역대상 1:46,확인 필요
a4b500d,Avva,Avva,,도시,34.684722,36.690556,열왕기하 17:24,확인 필요
a6d7a41,Avvim,Avvim,,도시,31.916944,35.261111,여호수아 18:23,확인 필요
aba3717,Ayyah,Ayyah,,도시,31.916944,35.261111,역대상 7:28,확인 필요
ad041dd,Azal,Azal,,강,31.760833,35.231667,스가랴 14:5,확인 필요
af2ca0c,Azekah,Azekah,,도시,31.700226,34.935696,여호수아 10:10; 여호수아 10:11; 여호수아 15:35; 사무엘상 17:1; 역대하 11:9,확인 필요
a3d7871,Azmaveth,Azmaveth,,도시,31.835,35.261944,에스라 2:24; 느헤미야 7:28; 느헤미야 12:29,확인 필요
a8f6a28,Azmon,Azmon,,도시,30.6875,34.333333,민수기 34:4; 민수기 34:5; 여호수아 15:4,확인 필요
a9fd165,Aznoth-tabor,Aznoth-tabor,,도시,32.727222,35.384444,여호수아 19:34,확인 필요
ac2f5ea,Baalah 2,Baalah 2,,도시,31.808957,35.10378,여호수아 15:9; 여호수아 15:10; 역대상 13:6,확인 필요
abc1b7c,Baalath 1,Baalath 1,,hill,31.838514,34.78225,여호수아 19:44,확인 필요
a99875b,Baalath 2,Baalath 2,,도시,31.838514,34.78225,열왕기상 9:18; 역대하 8:6,확인 필요
a03cc2d,Baalath-beer,Baalath-beer,,도시,30.991038,34.911322,여호수아 19:8; 역대상 4:33,확인 필요
a66f19c,Baale-judah,Baale-judah,,도시,31.808957,35.10378,사무엘하 6:2,확인 필요
ae12e43,Baal-gad,Baal-gad,,도시,33.4,35.85,여호수아 11:17; 여호수아 12:7; 여호수아 13:5,확인 필요
a304bb7,Baal-hamon,Baal-hamon,,도시,31.776667,35.234167,Sng 8:11,확인 필요
a366989,Baal-hazor,Baal-hazor,,산,31.978611,35.286111,사무엘하 13:23,확인 필요
a979444,Baal-hermon,Baal-hermon,,산,33.4,35.85,역대상 5:23,확인 필요
a76f7b7,Baal-meon,Baal-meon,,도시,31.679501,35.735321,민수기 32:38; 여호수아 13:17; 역대상 5:8; 에스겔 25:9,확인 필요
a3d6e81,Baal-peor,Baal-peor,,산,31.777021,35.738498,신명기 4:3; 호세아 9:10,확인 필요
a6bf059,Baal-perazim,Baal-perazim,,도시,31.741854,35.183317,사무엘하 5:20; 역대상 14:11,확인 필요
ad3d9fc,Baal-shalishah,Baal-shalishah,,도시,32.11031,35.01182,열왕기하 4:42,확인 필요
a66136c,Baal-tamar,Baal-tamar,,도시,31.831498,35.241283,사사기 20:33,확인 필요
a22663b,Baal-zephon,Baal-zephon,,campsite,30.860556,32.171389,Ex 14:2; Ex 14:9; 민수기 33:7,확인 필요
ab8fdbc,Babel,Babel,,도시,32.543333,44.422222,창세기 10:10; 창세기 11:9,확인 필요
a217d18,Babylon 1,Babylon 1,,도시,32.543333,44.422222,열왕기하 17:24; 열왕기하 17:30; 열왕기하 20:12; 열왕기하 20:14; 열왕기하 20:17,확인 필요
ae5ede9,Babylon 2,Babylon 2,,도시,41.8922,12.4852,베드로전서 5:13,확인 필요
a3f0756,Babylon 3,Babylon 3,,도시,41.8922,12.4852,요한계시록 14:8; 요한계시록 16:19; 요한계시록 17:5; 요한계시록 18:2; 요한계시록 18:10,확인 필요
a8394b8,Babylonia,Babylonia,,지역,32.543333,44.422222,에스라 1:11; 에스라 2:1; 에스라 5:12; 에스라 6:1; 에스라 7:6,확인 필요
a9ed5a4,Bahurim,Bahurim,,도시,31.7912,35.25694,사무엘하 3:16; 사무엘하 16:5; 사무엘하 17:18; 사무엘하 19:16; 사무엘하 23:31,확인 필요
a8ac29f,Balah,Balah,,도시,31.142053,34.91217,여호수아 19:3,확인 필요
a1db553,Bamoth,Bamoth,,도시,31.731791,35.740891,민수기 21:19; 민수기 21:20,확인 필요
a577c27,Bamoth-baal,Bamoth-baal,,도시,31.731791,35.740891,민수기 22:41; 여호수아 13:17,확인 필요
aa7a40a,Bashan,바산,,지역,32.781111,35.934722,민수기 21:33; 민수기 32:33; 신명기 1:4; 신명기 3:1; 신명기 3:3,공식 성경 표기
a249453,Batanea,Batanea,,지역,32.852034,36.19934,,확인 필요
abaa030,Bath-rabbim,Bath-rabbim,,gate,31.800811,35.809062,Sng 7:4,확인 필요
a14325e,Bealoth 1,Bealoth 1,,도시,30.991038,34.911322,여호수아 15:24,확인 필요
a800159,Bealoth 2,Bealoth 2,,도시,30.991038,34.911322,열왕기상 4:16,확인 필요
a5c37fd,Beautiful Gate,Beautiful Gate,,gate,31.776667,35.234167,사도행전 3:2; 사도행전 3:10,확인 필요
a656cb6,Beer 1,Beer 1,,campsite,31.571944,35.893333,민수기 21:16,확인 필요
a520374,Beer 2,Beer 2,,도시,32.60823,35.50415,사사기 9:21,확인 필요
ac401ea,Beer-elim,Beer-elim,,campsite,31.571944,35.893333,이사야 15:8,확인 필요
a70e842,Beer-lahai-roi,Beer-lahai-roi,,well,30.6875,34.333333,창세기 16:14; 창세기 24:62; 창세기 25:11,확인 필요
a046454,Beeroth,Beeroth,,도시,31.82383,35.1872,여호수아 9:17; 여호수아 18:25; 사무엘하 4:2; 사무엘하 4:3; 사무엘하 4:5,확인 필요
a280f83,Beeroth Bene-jaakan,Beeroth Bene-jaakan,,도시,30.791764,34.472522,신명기 10:6,확인 필요
ad2f6c2,Beersheba 1,Beersheba 1,,도시,31.244722,34.840833,여호수아 15:28; 여호수아 19:2; 사사기 20:1; 사무엘상 3:20; 사무엘상 8:2,확인 필요
a075d61,Beersheba 2,Beersheba 2,,도시,31.244722,34.840833,창세기 21:14; 창세기 21:31; 창세기 21:32; 창세기 21:33; 창세기 22:19,확인 필요
a293fbf,Beeshterah,Beeshterah,,도시,32.804167,36.015833,여호수아 21:27,확인 필요
a2b2564,Belamon,Belamon,,도시,33.258051,35.581007,,확인 필요
ae83378,Bene-berak,Bene-berak,,도시,32.036675,34.827669,여호수아 19:45,확인 필요
a0fe2be,Bene-jaakan,Bene-jaakan,,도시,30.791764,34.472522,민수기 33:31; 민수기 33:32,확인 필요
ae04aa8,Benjamin Gate,Benjamin Gate,,gate,31.776667,35.234167,예레미야 20:2; 예레미야 37:13; 예레미야 38:7; 스가랴 14:10,확인 필요
a882ef5,Beon,Beon,,도시,31.679501,35.735321,민수기 32:3,확인 필요
a62fe31,Berea,베뢰아,,도시,40.518333,22.2,사도행전 17:10; 사도행전 17:11; 사도행전 17:13; 사도행전 17:14; 사도행전 17:15,공식 성경 표기
aa3ff18,Bered,Bered,,산,31.097,34.652,창세기 16:14,확인 필요
a14b9f1,Berothah,Berothah,,도시,33.935278,36.150833,에스겔 47:16,확인 필요
a942d07,Berothai,Berothai,,도시,33.935278,36.150833,사무엘하 8:8,확인 필요
a57df09,Besor,Besor,,강,31.46423,34.37568,사무엘상 30:9; 사무엘상 30:10; 사무엘상 30:21,확인 필요
aafc721,Beten,Beten,,도시,32.764076,35.10658,여호수아 19:25,확인 필요
ae6cef8,Beth-anath,Beth-anath,,도시,33.20028,35.43306,여호수아 19:38; 사사기 1:33,확인 필요
aa2fea1,Beth-anoth,Beth-anoth,,도시,31.56209,35.12622,여호수아 15:59,확인 필요
a4f35bc,Bethany 1,Bethany 1,,도시,31.771661,35.255903,마태복음 21:17; 마태복음 26:6; 마가복음 11:1; 마가복음 11:11; 마가복음 11:12,확인 필요
a6e060d,Bethany 2,Bethany 2,,ford,31.837109,35.550301,요한복음 1:28,확인 필요
a3f8916,Beth-arabah,Beth-arabah,,도시,31.845782,35.501718,여호수아 15:6; 여호수아 15:61; 여호수아 18:18; 여호수아 18:22,확인 필요
a2da675,Beth-arbel,Beth-arbel,,도시,32.558661,35.847589,호세아 10:14,확인 필요
ac0254c,Beth-ashbea,Beth-ashbea,,도시,31.4558,34.9098,역대상 4:21,확인 필요
a03cb21,Beth-aven 1,Beth-aven 1,,도시,31.86921,35.26807,여호수아 7:2; 여호수아 18:12; 사무엘상 13:5; 사무엘상 14:23,확인 필요
a696a95,Beth-aven 2,Beth-aven 2,,도시,31.922778,35.241389,호세아 4:15; 호세아 5:8; 호세아 10:5,확인 필요
a0d1977,Beth-barah,Beth-barah,,ford,32.1,35.52,사사기 7:24,확인 필요
af623fd,Beth-biri,Beth-biri,,도시,31.00669,34.49181,역대상 4:31,확인 필요
a5f4608,Beth-car,Beth-car,,도시,31.895,35.083611,사무엘상 7:11,확인 필요
a561af4,Beth-dagon 1,Beth-dagon 1,,도시,31.98358,34.808618,여호수아 15:41,확인 필요
a0cc925,Beth-dagon 2,Beth-dagon 2,,도시,32.722583,35.090628,여호수아 19:27,확인 필요
ac99af3,Beth-diblathaim,Beth-diblathaim,,도시,31.638727,35.826578,예레미야 48:22,확인 필요
a84c5a4,Beth-eden,Beth-eden,,지역,36.7014,38.0865,아모스 1:5,확인 필요
a7abec7,Beth-eked,Beth-eked,,도시,32.4697,35.3563,열왕기하 10:12; 열왕기하 10:14,확인 필요
a64f355,Bethel 1,Bethel 1,,도시,31.922778,35.241389,창세기 12:8; 창세기 13:3; 창세기 28:19; 창세기 31:13; 창세기 35:1,확인 필요
aeb5f24,Bethel 2,Bethel 2,,도시,31.344952,35.124376,사무엘상 30:27,확인 필요
abcc0cf,Bethel 3,Bethel 3,,도시,31.922778,35.241389,예레미야 48:13; 스가랴 7:2,확인 필요
a587ea0,Beth-emek,Beth-emek,,도시,32.965833,35.151944,여호수아 19:27,확인 필요
a6c8205,Bether 2,Bether 2,,도시,31.73,35.135556,,확인 필요
a0aa8cf,Bethesda,Bethesda,,pool,31.781389,35.235833,요한복음 5:2,확인 필요
a0a178b,Beth-ezel,Beth-ezel,,도시,31.468544,34.938061,미가 1:11,확인 필요
a571072,Beth-gader,Beth-gader,,도시,31.632629,35.092145,역대상 2:51,확인 필요
a367677,Beth-gamul,Beth-gamul,,도시,31.483496,35.899907,예레미야 48:23,확인 필요
aea5552,Beth-gilgal,Beth-gilgal,,도시,31.881883,35.459969,느헤미야 12:29,확인 필요
a30f9a0,Beth-haccherem,Beth-haccherem,,도시,31.739901,35.216896,느헤미야 3:14; 예레미야 6:1,확인 필요
aaa2f54,Beth-haggan,Beth-haggan,,도시,32.46079,35.29875,열왕기하 9:27,확인 필요
a4590cd,Beth-haram,Beth-haram,,도시,31.819256,35.671878,민수기 32:36; 여호수아 13:27,확인 필요
aabd0ba,Beth-hoglah,Beth-hoglah,,도시,31.820379,35.501161,여호수아 15:6; 여호수아 18:19; 여호수아 18:21,확인 필요
a75b45e,Beth-horon,Beth-horon,,도시,31.895,35.083611,여호수아 10:10; 여호수아 10:11; 여호수아 18:14; 여호수아 21:22; 사무엘상 13:18,확인 필요
a30f37b,Beth-jeshimoth,Beth-jeshimoth,,도시,31.782551,35.62125,민수기 33:49; 여호수아 12:3; 여호수아 13:20; 에스겔 25:9,확인 필요
a95a37b,Beth-le-aphrah,Beth-le-aphrah,,도시,31.55659,35.03355,미가 1:10,확인 필요
a289a5b,Beth-lebaoth,Beth-lebaoth,,도시,31.00669,34.49181,여호수아 19:6,확인 필요
a112427,Bethlehem 1,Bethlehem 1,,도시,31.704306,35.207639,창세기 35:19; 창세기 48:7; 사사기 17:7; 사사기 17:8; 사사기 17:9,확인 필요
a308715,Bethlehem 2,Bethlehem 2,,도시,32.734812,35.185563,여호수아 19:15,확인 필요
ab1a343,Bethlehem 3,Bethlehem 3,,도시,32.734812,35.185563,사사기 12:8; 사사기 12:10,확인 필요
a87f8f5,Beth-marcaboth,Beth-marcaboth,,도시,31.350265,34.928577,여호수아 19:5; 역대상 4:31,확인 필요
a78580c,Beth-meon,Beth-meon,,도시,31.679501,35.735321,예레미야 48:23,확인 필요
a53f299,Beth-millo,Beth-millo,,structure,32.213611,35.281944,사사기 9:6; 사사기 9:20; 열왕기하 12:20,확인 필요
af66b89,Beth-nimrah,Beth-nimrah,,도시,31.909106,35.63872,민수기 32:36; 여호수아 13:27,확인 필요
ac814fb,Beth-pazzez,Beth-pazzez,,도시,32.6804,35.4863,여호수아 19:21,확인 필요
ac4b767,Beth-pelet,Beth-pelet,,도시,31.30992,34.9078,여호수아 15:27; 느헤미야 11:26,확인 필요
af3ce34,Beth-peor,Beth-peor,,도시,31.777021,35.738498,신명기 3:29; 신명기 4:46; 신명기 34:6; 여호수아 13:20,확인 필요
abff59d,Bethphage,Bethphage,,도시,31.777619,35.250839,마태복음 21:1; 마가복음 11:1; 누가복음 19:29,확인 필요
ad44b24,Beth-rehob,Beth-rehob,,지역,34.008889,36.145278,사사기 18:28; 사무엘하 10:6,확인 필요
a91b732,Bethsaida 1,Bethsaida 1,,도시,32.91038,35.63096,마태복음 11:21; 누가복음 10:13; 요한복음 1:44; 요한복음 12:21,확인 필요
a9fc13a,Bethsaida 2,Bethsaida 2,,도시,32.91038,35.63096,마가복음 6:45; 마가복음 8:22; 누가복음 9:10,확인 필요
a2a8df0,Beth-shan,Beth-shan,,도시,32.503611,35.503056,여호수아 17:11; 여호수아 17:16; 사사기 1:27; 사무엘상 31:10; 사무엘상 31:12,확인 필요
a3b5b53,Beth-shemesh 1,Beth-shemesh 1,,도시,31.750621,34.974744,여호수아 15:10; 여호수아 21:16; 사무엘상 6:9; 사무엘상 6:12; 사무엘상 6:13,확인 필요
a3bb26d,Beth-shemesh 2,Beth-shemesh 2,,도시,32.687762,35.525239,여호수아 19:22,확인 필요
a85cbab,Beth-shemesh 3,Beth-shemesh 3,,도시,33.041278,35.33275,여호수아 19:38; 사사기 1:33,확인 필요
a83d789,Beth-shittah,Beth-shittah,,도시,32.53918,35.4072,사사기 7:22,확인 필요
adac973,Beth-tappuah,Beth-tappuah,,도시,31.53856,35.04622,여호수아 15:53,확인 필요
a263e60,Beth-togarmah,Beth-togarmah,,도시,38.7225,37.2775,에스겔 27:14; 에스겔 38:6,확인 필요
a55cec0,Bethuel,Bethuel,,도시,31.344952,35.124376,역대상 4:30,확인 필요
a92de65,Bethul,Bethul,,도시,31.327312,34.87847,여호수아 19:4,확인 필요
addba2a,Beth-zur,Beth-zur,,도시,31.589383,35.094155,여호수아 15:58; 역대상 2:45; 역대하 11:7; 느헤미야 3:16,확인 필요
a079478,Betonim,Betonim,,도시,32.010571,35.710739,여호수아 13:26,확인 필요
a88310a,Beyond the River,Beyond the River,,지역,31.776667,35.234167,에스라 4:10; 에스라 4:11; 에스라 4:16; 에스라 4:17; 에스라 4:20,확인 필요
af48fdd,Bezek 1,Bezek 1,,도시,32.36884,35.39736,사사기 1:4; 사사기 1:5,확인 필요
a206291,Bezek 2,Bezek 2,,도시,32.36884,35.39736,사무엘상 11:8,확인 필요
a0cd098,Bezer,Bezer,,도시,31.78603,35.90168,신명기 4:43; 여호수아 20:8; 여호수아 21:36; 역대상 6:78,확인 필요
ac959b2,Bileam,Bileam,,도시,32.4462,35.292,역대상 6:70,확인 필요
a20bd85,Bilhah,Bilhah,,도시,31.142053,34.91217,역대상 4:29,확인 필요
a5c0cb0,Bithynia,Bithynia,,지역,40.5,31,사도행전 16:7; 베드로전서 1:1,확인 필요
a859268,Bochim,Bochim,,도시,31.922778,35.241389,사사기 2:1; 사사기 2:5,확인 필요
ab624f3,Bor-ashan,Bor-ashan,,도시,31.281372,34.797404,사무엘상 30:30,확인 필요
abde10e,Bozez,Bozez,,cliff,31.857165,35.287147,사무엘상 14:4,확인 필요
a58252b,Bozkath,Bozkath,,도시,31.536874,34.913176,여호수아 15:39; 열왕기하 22:1,확인 필요
a871210,Bozrah 1,Bozrah 1,,도시,30.745843,35.603919,창세기 36:33; 역대상 1:44; 이사야 34:6; 이사야 63:1; 예레미야 49:13,확인 필요
a8adc43,Bozrah 2,Bozrah 2,,도시,31.78603,35.90168,예레미야 48:24,확인 필요
ab0d85b,Broad Wall,Broad Wall,,structure,31.776083,35.231889,느헤미야 3:8; 느헤미야 12:38,확인 필요
a7a59b4,Brook of Egypt,Brook of Egypt,,강,31.145708,33.80649,민수기 34:5; 여호수아 15:4; 여호수아 15:47; 열왕기상 8:65; 열왕기하 24:7,확인 필요
a5983ec,Brook of the Arabah,Brook of the Arabah,,body of water,31.801389,35.546667,아모스 6:14,확인 필요
a0f88fb,Brook of the Willows,Brook of the Willows,,body of water,31.02701,35.48533,이사야 15:7,확인 필요
a087a14,Buz,Buz,,지역,28.356612,38.987969,예레미야 25:23,확인 필요
a7ed00e,Cabbon,Cabbon,,도시,31.350265,34.928577,여호수아 15:40,확인 필요
a978a24,Cabul 1,Cabul 1,,도시,32.868333,35.211389,여호수아 19:27,확인 필요
a08144e,Cabul 2,Cabul 2,,지역,32.868333,35.211389,열왕기상 9:13,확인 필요
a58735e,Caesarea,가이사랴,,도시,32.5,34.891667,사도행전 8:40; 사도행전 9:30; 사도행전 10:1; 사도행전 10:24; 사도행전 11:11,공식 성경 표기
ab7bf48,Caesarea Philippi,가이사랴 빌립보,,도시,33.246111,35.693333,마태복음 16:13; 마가복음 8:27,공식 성경 표기
ae1f807,Calah,Calah,,도시,36.098056,43.328889,창세기 10:11; 창세기 10:12,확인 필요
aee80af,Calneh 1,Calneh 1,,도시,32.126111,45.230833,창세기 10:10,확인 필요
a7be664,Calneh 2,Calneh 2,,도시,36.2475,36.376389,이사야 10:9; 아모스 6:2,확인 필요
a031bda,Cana,가나,,도시,32.8222,35.30269,요한복음 2:1; 요한복음 2:11; 요한복음 4:46; 요한복음 21:2,공식 성경 표기
a581f0c,Canaan,Canaan,,지역,32.766667,35.333333,창세기 10:19; 창세기 11:31; 창세기 12:5; 창세기 12:10; 창세기 13:12,확인 필요
ae83efa,Canneh,Canneh,,도시,36.292571,37.205535,에스겔 27:23,확인 필요
af2161c,Capernaum,가버나움,,도시,32.881111,35.575,마태복음 4:13; 마태복음 8:5; 마태복음 11:23; 마태복음 17:24; 마가복음 1:21,공식 성경 표기
a329990,Caphtor,Caphtor,,섬,35.309722,24.893333,창세기 10:14; 신명기 2:23; 역대상 1:12; 예레미야 47:4; 아모스 9:7,확인 필요
a33fbde,Cappadocia,Cappadocia,,지역,38.670556,34.839167,사도행전 2:9; 베드로전서 1:1,확인 필요
af6c730,Carchemish,Carchemish,,도시,36.829722,38.015,역대하 35:20; 이사야 10:9; 예레미야 46:2,확인 필요
a053f15,Carmel 1,Carmel 1,,도시,31.422876,35.132952,여호수아 15:55; 사무엘상 15:12; 사무엘상 25:2; 사무엘상 25:5; 사무엘상 25:7,확인 필요
aa56bd1,Carthage,Carthage,,도시,36.852558,10.323461,,확인 필요
addb84c,Casiphia,Casiphia,,도시,32.543333,44.422222,에스라 8:17,확인 필요
aca2b0a,Cauda,Cauda,,섬,34.833333,24.083333,사도행전 27:16,확인 필요
aa31dd3,Cenchreae,Cenchreae,,도시,37.884335,22.996816,사도행전 18:18; 로마서 16:1,확인 필요
a527d04,Chalcis,Chalcis,,도시,33.725833,35.929722,,확인 필요
a32a4f8,Chaldea,Chaldea,,지역,30.962222,46.104444,창세기 11:28; 창세기 11:31; 창세기 15:7; 열왕기하 24:2; 열왕기하 25:4,확인 필요
a08d4af,Charmande,Charmande,,도시,33.643918,42.823141,,확인 필요
a3d2f0a,Chebar,Chebar,,강,32.126944,45.230833,에스겔 1:1; 에스겔 1:3; 에스겔 3:15; 에스겔 3:23; 에스겔 10:15,확인 필요
a2cb16b,Chephar-ammoni,Chephar-ammoni,,도시,31.96609,35.24758,여호수아 18:24,확인 필요
a2e5054,Chephirah,Chephirah,,도시,31.8309,35.106769,여호수아 9:17; 여호수아 18:26; 에스라 2:25; 느헤미야 7:29,확인 필요
aa7bee8,Cherith,Cherith,,도시,32.394722,35.591389,열왕기상 17:3; 열왕기상 17:5,확인 필요
ab3ad14,Cherub,Cherub,,도시,32.543333,44.422222,에스라 2:59; 느헤미야 7:61,확인 필요
a42c452,Chesalon,Chesalon,,도시,31.781111,35.051111,여호수아 15:10,확인 필요
acf2fac,Chesil,Chesil,,도시,31.327312,34.87847,여호수아 15:30,확인 필요
ac3d92d,Chesulloth,Chesulloth,,도시,32.683367,35.324193,여호수아 19:18,확인 필요
ab41e6b,Chezib,Chezib,,도시,31.642074,34.953019,창세기 38:5,확인 필요
a961693,Chilmad,Chilmad,,지역,34.8065,48.516247,에스겔 27:23,확인 필요
a2bb265,Chinnereth,Chinnereth,,body of water,32.869444,35.538333,신명기 3:17; 여호수아 11:2; 여호수아 19:35; 열왕기상 15:20,확인 필요
a4c2c75,Chios,Chios,,섬,38.3725,26.1375,사도행전 20:15,확인 필요
a898f06,Chisloth-tabor,Chisloth-tabor,,도시,32.683367,35.324193,여호수아 19:12,확인 필요
a0ff819,Chitlish,Chitlish,,도시,31.52994,34.78959,여호수아 15:40,확인 필요
a593a48,Chorazin,Chorazin,,도시,32.911389,35.563889,마태복음 11:21; 누가복음 10:13,확인 필요
ad63819,Cilicia,Cilicia,,지역,36.913028,34.892056,사도행전 6:9; 사도행전 15:23; 사도행전 15:41; 사도행전 21:39; 사도행전 22:3,확인 필요
a84f426,City of David,City of David,,도시,31.773611,35.235556,사무엘하 5:7; 사무엘하 5:9; 사무엘하 6:10; 사무엘하 6:12; 사무엘하 6:16,확인 필요
adca4b1,City of Destruction,City of Destruction,,도시,30.129444,31.3075,이사야 19:18,확인 필요
a529e92,City of Palms 1,City of Palms 1,,도시,31.871719,35.444564,신명기 34:3; 사사기 3:13; 역대하 28:15,확인 필요
ac4ff01,City of Palms 2,City of Palms 2,,도시,31.871719,35.444564,사사기 1:16,확인 필요
acc1702,City of Salt,City of Salt,,도시,31.740833,35.458611,여호수아 15:62,확인 필요
ab793ce,Cnidus,Cnidus,,도시,36.685833,27.375,사도행전 27:7,확인 필요
a4e5a69,Colossae,골로새,,도시,37.78664,29.25994,골로새서 1:2,공식 성경 표기
a6f437a,Corinth,고린도,,도시,37.905785,22.878741,사도행전 18:1; 사도행전 18:8; 사도행전 18:11; 사도행전 18:12; 사도행전 18:18,공식 성경 표기
a68aa8f,Corner Gate,Corner Gate,,gate,31.776667,35.234167,열왕기하 14:13; 역대하 25:23; 역대하 26:9; 예레미야 31:38; 스가랴 14:10,확인 필요
a398e5d,Cos,Cos,,섬,36.815278,27.110278,사도행전 21:1,확인 필요
a44cac9,Cozeba,Cozeba,,도시,31.642074,34.953019,역대상 4:22,확인 필요
a26aa94,Crete,그레데,,섬,35.309722,24.893333,스바냐 2:5; 사도행전 27:7; 사도행전 27:8; 사도행전 27:12; 사도행전 27:13,공식 성경 표기
a70f9d3,Cun,Cun,,도시,34.259722,36.423611,역대상 18:8,확인 필요
ac5a1ec,Cush 1,Cush 1,,지역,16.935139,33.75075,열왕기하 19:9; 시편 68:31; 시편 87:4; 이사야 11:11; 이사야 18:1,확인 필요
a74ee0d,Cush 2,Cush 2,,지역,32.543333,44.422222,창세기 2:13,확인 필요
a567e0e,Cushan,Cushan,,지역,28.4947,35.0122,하박국 3:7,확인 필요
a538831,Cuth,Cuth,,도시,32.760028,44.612861,열왕기하 17:24; 열왕기하 17:30,확인 필요
a2e7601,Cyprus,구브로,,섬,35,33,이사야 23:1; 이사야 23:12; 예레미야 2:10; 에스겔 27:6; 사도행전 4:36,공식 성경 표기
a81cdb5,Cyrene,Cyrene,,도시,32.820946,21.851229,마태복음 27:32; 마가복음 15:21; 누가복음 23:26; 사도행전 2:10; 사도행전 6:9,확인 필요
a411151,Dabbesheth,Dabbesheth,,도시,32.670278,35.155,여호수아 19:11,확인 필요
a6a5e97,Daberath,Daberath,,도시,32.697284,35.377531,여호수아 19:12; 여호수아 21:28; 역대상 6:72,확인 필요
ae8d09d,Dalmanutha,Dalmanutha,,도시,32.827069,35.513552,마가복음 8:10,확인 필요
ae86cd7,Dalmatia,Dalmatia,,지역,43.812761,16.218756,디모데후서 4:10,확인 필요
a69c1d4,Damascus,다메섹,,도시,33.511112,36.30639,창세기 14:15; 창세기 15:2; 사무엘하 8:5; 사무엘하 8:6; 열왕기상 11:24,공식 성경 표기
a513646,Dan,단,,도시,33.249,35.652,창세기 14:14; 여호수아 19:47; 사사기 18:7; 사사기 18:14; 사사기 18:27,공식 성경 표기
a65c305,Dannah,Dannah,,도시,31.3698,34.995,여호수아 15:49,확인 필요
ad2048e,Debir 1,Debir 1,,도시,31.43209,35.01485,여호수아 10:38; 여호수아 10:39; 여호수아 11:21; 여호수아 12:13; 여호수아 15:15,확인 필요
ad334c4,Debir 2,Debir 2,,도시,31.816392,35.359429,여호수아 15:7,확인 필요
ac6416d,Debir 3,Debir 3,,도시,32.683927,35.629916,여호수아 13:26,확인 필요
ae733a2,Decapolis,Decapolis,,지역,32.716667,35.8,마태복음 4:25; 마가복음 5:20; 마가복음 7:31,확인 필요
a3a2a75,Dedan,Dedan,,도시,26.65,37.91667,이사야 21:13; 예레미야 25:23; 예레미야 49:8; 에스겔 25:13; 에스겔 27:15,확인 필요
aa401a9,Derbe,더베,,도시,37.348569,33.361453,사도행전 14:6; 사도행전 14:20; 사도행전 14:21; 사도행전 16:1; 사도행전 20:4,공식 성경 표기
a0d784a,Dibon 1,Dibon 1,,도시,31.502236,35.776574,민수기 21:30; 민수기 32:3; 민수기 32:34; 민수기 33:45; 민수기 33:46,확인 필요
a3d1c99,Dibon 2,Dibon 2,,도시,31.29606,35.1562,느헤미야 11:25,확인 필요
ae8badb,Dibon 3,Dibon 3,,도시,31.502236,35.776574,이사야 15:9,확인 필요
aecc492,Dilean,Dilean,,도시,31.50259,34.7583,여호수아 15:38,확인 필요
a971a54,Dimnah,Dimnah,,도시,32.788056,35.310556,여호수아 21:35,확인 필요
ac17675,Dimonah,Dimonah,,도시,31.502236,35.776574,여호수아 15:22,확인 필요
ae28fc7,Dinhabah,Dinhabah,,도시,31.798459,35.722377,창세기 36:32; 역대상 1:43,확인 필요
a0dc90b,Diviners’ Oak,Diviners’ Oak,,tree,32.213611,35.281944,사사기 9:37,확인 필요
afcb77d,Dizahab,Dizahab,,도시,31.806601,36.050752,신명기 1:1,확인 필요
a070c7b,Dophkah,Dophkah,,도시,29.036733,33.459407,민수기 33:12; 민수기 33:13,확인 필요
a70c56b,Dor,Dor,,도시,32.617428,34.916364,여호수아 12:23; 여호수아 17:11; 사사기 1:27; 역대상 7:29,확인 필요
ab635e4,Dothan,Dothan,,도시,32.413528,35.239861,창세기 37:17; 열왕기하 6:13,확인 필요
ab9580e,Dragon Spring,Dragon Spring,,샘,31.767198,35.235985,느헤미야 2:13,확인 필요
a75d2ab,Dumah 1,Dumah 1,,도시,31.4306,34.9861,여호수아 15:52,확인 필요
a0a6365,Dumah 2,Dumah 2,,지역,30.745843,35.603919,이사야 21:11,확인 필요
a1611b6,Dung Gate,Dung Gate,,gate,31.776667,35.234167,느헤미야 2:13; 느헤미야 3:13; 느헤미야 3:14; 느헤미야 12:31,확인 필요
a3bcd66,Dura,Dura,,district in settlement,32.32,44.501667,다니엘 3:1,확인 필요
ab0b2dd,East,East,,지역,31.9547,35.9343,창세기 25:6; 창세기 29:1; 민수기 23:7; 사사기 6:3; 사사기 6:33,확인 필요
a4e8401,East Gate,East Gate,,gate,31.776667,35.234167,역대상 26:14; 역대하 31:14; 느헤미야 3:29; 에스겔 11:1,확인 필요
a6bb890,East Square,East Square,,district in settlement,31.776667,35.234167,역대하 29:4,확인 필요
abfdefc,Ebenezer 1,Ebenezer 1,,도시,32.1046,34.9645,사무엘상 4:1; 사무엘상 5:1,확인 필요
aadaf09,Ebenezer 2,Ebenezer 2,,rock,31.940941,35.23695,사무엘상 7:12,확인 필요
acd9b19,Ebez,Ebez,,도시,32.658056,35.505833,여호수아 19:20,확인 필요
a728e07,Ebron,Ebron,,도시,33.047692,35.161916,여호수아 19:28,확인 필요
a212ef7,Ecbatana,Ecbatana,,도시,34.8065,48.516247,에스라 6:2,확인 필요
a7409b9,Eden 2,Eden 2,,지역,36.7014,38.0865,열왕기하 19:12; 이사야 37:12; 에스겔 27:23,확인 필요
ab80fa1,Eder 1,Eder 1,,도시,31.707306,35.230111,창세기 35:21,확인 필요
a1b30e1,Eder 2,Eder 2,,도시,31.280833,35.125,여호수아 15:21,확인 필요
a2735ff,Edom,에돔,,지역,30.745843,35.603919,창세기 32:3; 창세기 36:9; 창세기 36:16; 창세기 36:17; 창세기 36:20,공식 성경 표기
aaa6f7a,Edrei 1,Edrei 1,,도시,32.625278,36.106111,민수기 21:33; 신명기 1:4; 신명기 3:1; 신명기 3:10; 여호수아 12:4,확인 필요
a85eb38,Edrei 2,Edrei 2,,도시,33.075833,35.528333,여호수아 19:37,확인 필요
aacbcf0,Eglaim,Eglaim,,도시,31.180849,35.712631,이사야 15:8,확인 필요
af7eb92,Eglath-shelishiyah,Eglath-shelishiyah,,도시,31.036904,35.487657,이사야 15:5; 예레미야 48:34,확인 필요
a244d8f,Eglon,Eglon,,도시,31.491813,34.928055,여호수아 10:3; 여호수아 10:5; 여호수아 10:23; 여호수아 10:34; 여호수아 10:36,확인 필요
af301ca,Egypt,애굽(이집트),,지역,30.129444,31.3075,창세기 12:10; 창세기 12:11; 창세기 12:14; 창세기 13:1; 창세기 13:10,공식 성경 표기
a3fc47a,Ekron,에그론,,도시,31.7775,34.851944,여호수아 13:3; 여호수아 15:11; 여호수아 15:45; 여호수아 15:46; 여호수아 19:43,공식 성경 표기
a7e3a59,Elam,Elam,,지역,32.18922,48.25778,창세기 14:1; 창세기 14:9; 에스라 4:9; 이사야 11:11; 이사야 21:2,확인 필요
af0ac29,Elath,Elath,,섬,29.530676,34.999999,신명기 2:8; 열왕기상 9:26; 열왕기하 14:22; 열왕기하 16:6; 역대하 8:17,확인 필요
a30b045,El-bethel,El-bethel,,altar,31.922778,35.241389,창세기 35:7,확인 필요
a5ccd34,Elealeh,Elealeh,,도시,31.819308,35.828315,민수기 32:3; 민수기 32:37; 이사야 15:4; 이사야 16:9; 예레미야 48:34,확인 필요
a2410c1,Elim,Elim,,도시,29.254722,32.915833,Ex 15:27; Ex 16:1; 민수기 33:9; 민수기 33:10,확인 필요
a71d65f,Elishah,Elishah,,섬,35,33,에스겔 27:7,확인 필요
a221d82,Elkosh,Elkosh,,도시,33.12139,35.33833,Nahum 1:1,확인 필요
a6f4a6d,Ellasar,Ellasar,,지역,35.456667,43.2625,창세기 14:1; 창세기 14:9,확인 필요
ae180d8,Elon,Elon,,도시,31.841111,35.023611,여호수아 19:43,확인 필요
a8e6824,Elonbeth-hanan,Elonbeth-hanan,,도시,31.746288,34.997106,열왕기상 4:9,확인 필요
a738bf1,El-paran,El-paran,,섬,29.530676,34.999999,창세기 14:6,확인 필요
a3c4559,Eltekeh,Eltekeh,,도시,31.8925,34.767778,여호수아 19:44; 여호수아 21:23,확인 필요
a26cd81,Eltekon,Eltekon,,도시,31.690314,35.101485,여호수아 15:59,확인 필요
a5709da,Eltolad,Eltolad,,도시,31.244722,34.840833,여호수아 15:30; 여호수아 19:4; 역대상 4:29,확인 필요
a774e50,Emek-keziz,Emek-keziz,,도시,31.871719,35.444564,여호수아 18:21,확인 필요
ae7274b,Emmaus,엠마오,,도시,31.79289,35.16419,누가복음 24:13; 누가복음 24:28; 누가복음 24:35,공식 성경 표기
a59fdf2,Enaim,Enaim,,도시,31.68768,35.012365,창세기 38:14; 창세기 38:21,확인 필요
a26921e,Enam,Enam,,도시,31.715,34.969167,여호수아 15:34,확인 필요
aca444b,En-dor,En-dor,,도시,32.643614,35.390222,여호수아 17:11; 사무엘상 28:7; 시편 83:10,확인 필요
ad44943,Eneglaim,Eneglaim,,도시,31.28064,35.533581,에스겔 47:10,확인 필요
abe5f95,En-gannim 1,En-gannim 1,,도시,31.747614,34.963781,여호수아 15:34,확인 필요
a8eae19,En-gannim 2,En-gannim 2,,도시,32.713549,35.495439,여호수아 19:21; 여호수아 21:29,확인 필요
a51df0e,Engedi,Engedi,,지역,31.45,35.383333,여호수아 15:62; 사무엘상 23:29; 사무엘상 24:1; 역대하 20:2; Sng 1:14,확인 필요
a009e7d,En-haddah,En-haddah,,도시,32.6804,35.4863,여호수아 19:21,확인 필요
a0e33a3,En-hakkore,En-hakkore,,special,31.748796,35.001006,사사기 15:19,확인 필요
a156070,En-hazor,En-hazor,,도시,33.12889,35.44,여호수아 19:37,확인 필요
ab28e2e,En-rimmon,En-rimmon,,도시,31.38333,34.86564,느헤미야 11:29,확인 필요
af9cfc9,En-rogel,En-rogel,,샘,31.767198,35.235985,여호수아 15:7; 여호수아 18:16; 여호수아 18:17; 사무엘하 17:17; 사무엘하 17:18,확인 필요
a34e870,En-shemesh,En-shemesh,,샘,31.77406,35.27013,여호수아 15:7; 여호수아 18:17,확인 필요
ad6b2b7,En-tappuah,En-tappuah,,샘,32.10415,35.23007,여호수아 17:7; 여호수아 17:9,확인 필요
ac25afc,Ephah,Ephah,,people group,28.4947,35.0122,이사야 60:6,확인 필요
aafd7c4,Ephes-dammim,Ephes-dammim,,도시,31.684489,35.052238,사무엘상 17:1; 사무엘하 23:9; 역대상 11:13,확인 필요
a5feb15,Ephesus,에베소,,도시,37.939125,27.3407,사도행전 18:19; 사도행전 18:21; 사도행전 18:24; 사도행전 18:27; 사도행전 19:1,공식 성경 표기
a507da9,Ephraim 1,Ephraim 1,,산,31.954444,35.300278,사무엘하 13:23,확인 필요
ad14500,Ephraim 2,Ephraim 2,,도시,31.954444,35.300278,요한복음 11:54,확인 필요
aa24ad4,Ephraim 3,Ephraim 3,,지역,32.381111,35.764722,사무엘하 18:6,확인 필요
a7b6270,Ephraim Gate,Ephraim Gate,,gate,31.776667,35.234167,열왕기하 14:13; 역대하 25:23; 느헤미야 8:16; 느헤미야 12:39,확인 필요
af4e985,Ephrath,Ephrath,,도시,31.704306,35.207639,창세기 35:16; 창세기 35:19; 창세기 48:7,확인 필요
af6c09e,Ephrathah,Ephrathah,,도시,31.704306,35.207639,룻기 4:11; 시편 132:6,확인 필요
a9a6f72,Ephron 1,Ephron 1,,도시,31.796944,35.144167,여호수아 18:15,확인 필요
a1230e5,Ephron 2,Ephron 2,,도시,31.954444,35.300278,역대하 13:19,확인 필요
a5db1a6,Erech,Erech,,도시,31.322222,45.636111,창세기 10:10; 에스라 4:9,확인 필요
a4c6f72,Eridu,Eridu,,도시,30.81583,45.99583,,확인 필요
a43608b,Esek,Esek,,well,31.424497,34.6062,창세기 26:20,확인 필요
acd9498,Eshan,Eshan,,도시,31.55659,35.03355,여호수아 15:52,확인 필요
a355b6e,Eshtaol,Eshtaol,,도시,31.797726,34.985967,여호수아 15:33; 여호수아 19:41; 사사기 13:25; 사사기 16:31; 사사기 18:2,확인 필요
ad68510,Eshtemoa,Eshtemoa,,도시,31.400792,35.067075,여호수아 15:50; 여호수아 21:14; 사무엘상 30:28; 역대상 6:57,확인 필요
ae05348,Etam 1,Etam 1,,도시,31.763715,35.025793,사사기 15:8; 사사기 15:11,확인 필요
a47f86c,Etam 2,Etam 2,,도시,31.68478,35.17884,역대상 4:32,확인 필요
aa21f26,Etam 3,Etam 3,,도시,31.68478,35.17884,역대하 11:6,확인 필요
a27d0e0,Etham,Etham,,도시,30.5475,31.963611,Ex 13:20; 민수기 33:6; 민수기 33:7; 민수기 33:8,확인 필요
a82f7b4,Ether 1,Ether 1,,도시,31.61593,34.8783,여호수아 15:42,확인 필요
a16596e,Ether 2,Ether 2,,도시,31.61593,34.8783,여호수아 19:7,확인 필요
ab45bd3,Ethiopia,구스(에티오피아),,지역,16.935139,33.75075,사무엘하 18:21; 사무엘하 18:31; Est 1:1; Est 8:9; 욥기 28:19,공식 성경 표기
a2ca712,Eth-kazin,Eth-kazin,,도시,32.74647,35.33921,여호수아 19:13,확인 필요
a5eafe1,Etruria,Etruria,,지역,42.227871,11.838912,,확인 필요
a62dec4,Euphrates,Euphrates,,강,31.0043,47.442,창세기 2:14; 창세기 15:18; 창세기 31:21; Ex 23:31; 신명기 1:7,확인 필요
a573b95,Ezem,Ezem,,도시,31.281372,34.797404,여호수아 15:29; 여호수아 19:3; 역대상 4:29,확인 필요
a8e53d5,Ezion-geber,Ezion-geber,,섬,29.462839,34.86005,민수기 33:35; 민수기 33:36; 신명기 2:8; 열왕기상 9:26; 열왕기상 22:48,확인 필요
aae626a,Fair Havens,Fair Havens,,도시,34.929694,24.800306,사도행전 27:8; 사도행전 27:12,확인 필요
a6057f5,Fish Gate,Fish Gate,,gate,31.776667,35.234167,역대하 33:14; 느헤미야 3:3; 느헤미야 12:39; 스바냐 1:10,확인 필요
a121d5e,Forum of Appius,Forum of Appius,,도시,41.46639,12.9975,사도행전 28:15,확인 필요
a2fc4c4,Fountain Gate,Fountain Gate,,gate,31.776667,35.234167,느헤미야 2:14; 느헤미야 3:15; 느헤미야 12:37,확인 필요
ab05a42,Gaash,Gaash,,산,32.00806,35.10729,여호수아 24:30; 사사기 2:9; 사무엘하 23:30; 역대상 11:32,확인 필요
aec23b1,Gabbatha,Gabbatha,,structure,31.776083,35.228036,요한복음 19:13,확인 필요
afed46a,Gadara,Gadara,,도시,32.655998,35.679352,마태복음 8:28,확인 필요
a0f440a,Galatia,갈라디아,,지역,39.266667,32.983333,사도행전 16:6; 사도행전 18:23; 고린도전서 16:1; 갈라디아서 1:2; 디모데후서 4:10,공식 성경 표기
a9cf1e8,Galilee 1,Galilee 1,,지역,32.76,35.527,여호수아 20:7; 여호수아 21:32; 열왕기상 9:11; 열왕기하 15:29; 역대상 6:76,확인 필요
a4e39f6,Galilee 2,Galilee 2,,지역,32.76,35.527,여호수아 12:23,확인 필요
ac10bcf,Gallim,Gallim,,도시,31.81544,35.25078,사무엘상 25:44; 이사야 10:30,확인 필요
a764256,Gamad,Gamad,,도시,33.62384,35.82104,에스겔 27:11,확인 필요
ad4607c,Gareb,Gareb,,hill,31.776667,35.234167,예레미야 31:39,확인 필요
a753c3b,Gate of the Foundation,Gate of the Foundation,,gate,31.776667,35.234167,역대하 23:5,확인 필요
a4eb961,Gate of the Guard,Gate of the Guard,,gate,31.776667,35.234167,느헤미야 12:39,확인 필요
a2fa712,Gate of Yeshanah,Gate of Yeshanah,,gate,31.776667,35.234167,느헤미야 3:6; 느헤미야 12:39,확인 필요
a18873f,Gath 1,Gath 1,,도시,31.69972,34.84694,여호수아 11:22; 여호수아 13:3; 사무엘상 5:8; 사무엘상 5:9; 사무엘상 5:10,확인 필요
a2e1bc0,Gath 2,Gath 2,,도시,32.39835,35.04005,역대상 7:21; 역대상 8:13,확인 필요
a0ac467,Gath 3,Gath 3,,도시,31.69972,34.84694,사무엘하 6:10; 역대상 13:13,확인 필요
ac51cec,Gath-hepher,Gath-hepher,,도시,32.738056,35.319722,여호수아 19:13; 열왕기하 14:25,확인 필요
ab56b36,Gath-padalla,Gath-padalla,,도시,32.39835,35.04005,,확인 필요
a046c70,Gath-rimmon 1,Gath-rimmon 1,,도시,32.0917,34.8075,여호수아 19:45; 여호수아 21:24; 역대상 6:69,확인 필요
ab33b54,Gath-rimmon 2,Gath-rimmon 2,,도시,32.4462,35.292,여호수아 21:25,확인 필요
aa8edd2,Gaza,가사,,도시,31.504,34.4644,창세기 10:19; 신명기 2:23; 여호수아 10:41; 여호수아 11:22; 여호수아 13:3,공식 성경 표기
a264254,Geba 1,Geba 1,,도시,31.8575,35.261111,여호수아 21:17; 사무엘상 13:3; 사무엘상 13:4; 사무엘상 13:16; 사무엘상 14:5,확인 필요
a2d3ca1,Geba 2,Geba 2,,도시,31.847451,35.183351,사무엘하 5:25,확인 필요
a33cfcc,Geba 3,Geba 3,,도시,31.8575,35.261111,열왕기하 23:8; 스가랴 14:10,확인 필요
ae14b1d,Geba 4,Geba 4,,도시,31.8575,35.261111,여호수아 18:24,확인 필요
a9a2541,Gebal 1,Gebal 1,,도시,34.119167,35.645833,여호수아 13:5; 열왕기상 5:18; 에스겔 27:9,확인 필요
a59b2e2,Gebal 2,Gebal 2,,지역,30.52198,35.55057,시편 83:7,확인 필요
a58df35,Gebim,Gebim,,도시,31.80752,35.25758,이사야 10:31,확인 필요
a55d681,Geder,Geder,,도시,31.632629,35.092145,여호수아 12:13; 역대상 27:28,확인 필요
a12012d,Gederah 1,Gederah 1,,도시,31.688903,34.996117,여호수아 15:36,확인 필요
a52e310,Gederah 2,Gederah 2,,도시,31.85794,35.19727,역대상 12:4,확인 필요
a0a5b78,Gederah 3,Gederah 3,,도시,31.688903,34.996117,역대상 4:23,확인 필요
a728f1b,Gederoth,Gederoth,,도시,31.688903,34.996117,여호수아 15:41; 역대하 28:18,확인 필요
ac36af4,Gederothaim,Gederothaim,,도시,31.688903,34.996117,여호수아 15:36,확인 필요
af054ba,Gedor 1,Gedor 1,,도시,31.632629,35.092145,여호수아 15:58; 역대상 4:4,확인 필요
a2fc530,Gedor 2,Gedor 2,,도시,31.3821,34.6065,역대상 4:39,확인 필요
aa9be2b,Gedor 3,Gedor 3,,도시,31.632629,35.092145,역대상 4:18,확인 필요
a47678a,Gedor 4,Gedor 4,,도시,31.632629,35.092145,역대상 12:7,확인 필요
abf0690,Ge-harashim,Ge-harashim,,special,31.95,34.9,역대상 4:14; 느헤미야 11:35,확인 필요
a0c9a06,Geliloth,Geliloth,,도시,31.79052,35.32262,여호수아 18:17; 여호수아 22:10; 여호수아 22:11,확인 필요
a7de69e,Gennesaret,Gennesaret,,지역,32.860556,35.507222,마태복음 14:34; 마가복음 6:53; 누가복음 5:1,확인 필요
a3f5814,Gerar,Gerar,,도시,31.3821,34.6065,창세기 10:19; 창세기 20:1; 창세기 20:2; 창세기 26:1; 창세기 26:6,확인 필요
ada6b64,Gerasa,Gerasa,,도시,32.272281,35.891397,마가복음 5:1; 누가복음 8:26; 누가복음 8:37,확인 필요
aabf84a,Gergesa,Gergesa,,도시,32.826086,35.650378,,확인 필요
a1c28f1,Geruth Chimham,Geruth Chimham,,natural area,31.704306,35.207639,예레미야 41:17,확인 필요
af6c325,Geshur,Geshur,,지역,32.766667,35.7,여호수아 12:5; 여호수아 13:11; 여호수아 13:13; 사무엘하 3:3; 사무엘하 13:37,확인 필요
a42418f,Gethsemane,겟세마네,,garden,31.779419,35.239425,마태복음 26:36; 마가복음 14:32,공식 성경 표기
aed6538,Gezer,Gezer,,도시,31.859167,34.919167,여호수아 10:33; 여호수아 12:12; 여호수아 16:3; 여호수아 16:10; 여호수아 21:21,확인 필요
ac66d7a,Giah,Giah,,natural area,31.841047,35.279535,사무엘하 2:24,확인 필요
a6f048c,Gibbethon,Gibbethon,,도시,31.856389,34.865556,여호수아 19:44; 여호수아 21:23; 열왕기상 15:27; 열왕기상 16:15; 열왕기상 16:17,확인 필요
ac24f5f,Gibeah 1,Gibeah 1,,도시,31.823113,35.230718,사사기 19:12; 사사기 19:13; 사사기 19:14; 사사기 19:15; 사사기 19:16,확인 필요
a2f0f05,Gibeah 2,Gibeah 2,,도시,31.45015,35.053525,여호수아 15:57; 역대하 13:2,확인 필요
a3bba31,Gibeah 3,Gibeah 3,,도시,31.98545,35.24395,여호수아 24:33,확인 필요
ac25f34,Gibeah 4,Gibeah 4,,hill,31.823113,35.230718,여호수아 18:28,확인 필요
a45b692,Gibeath-elohim,Gibeath-elohim,,도시,31.823113,35.230718,사무엘상 10:5,확인 필요
a97126d,Gibeath-haaraloth,Gibeath-haaraloth,,hill,31.881883,35.459969,여호수아 5:3,확인 필요
aede336,Gibeon,기브온,,도시,31.847451,35.183351,여호수아 9:3; 여호수아 9:17; 여호수아 10:1; 여호수아 10:2; 여호수아 10:4,공식 성경 표기
ae87a54,Gidom,Gidom,,natural area,31.84762,35.305139,사사기 20:45,확인 필요
a71d79b,Gihon 1,Gihon 1,,강,31.4653,30.3667,창세기 2:13,확인 필요
a2a303c,Gihon 2,Gihon 2,,샘,31.772919,35.236383,열왕기상 1:33; 열왕기상 1:38; 열왕기상 1:44; 열왕기상 1:45; 역대하 32:30,확인 필요
ae73b90,Gilead 1,Gilead 1,,지역,32.187016,35.69211,창세기 31:21; 창세기 31:23; 창세기 31:25; 창세기 37:25; 민수기 32:1,확인 필요
a19ec8c,Gilead 2,Gilead 2,,지역,32.187016,35.69211,호세아 6:8,확인 필요
ab94aea,Gilgal 1,Gilgal 1,,도시,31.881883,35.459969,여호수아 4:19; 여호수아 4:20; 여호수아 5:9; 여호수아 5:10; 여호수아 9:6,확인 필요
a6399b3,Gilgal 2,Gilgal 2,,도시,32.030556,35.225,열왕기하 2:1; 열왕기하 4:38,확인 필요
aed8df9,Gilgal 3,Gilgal 3,,도시,31.79052,35.32262,여호수아 15:7,확인 필요
a84a509,Gilgal 4,Gilgal 4,,도시,31.881883,35.459969,신명기 11:30,확인 필요
a6df20a,Giloh,Giloh,,도시,31.43209,35.01485,여호수아 15:51; 사무엘하 15:12; 사무엘하 23:34,확인 필요
a5dd9e3,Gimzo,Gimzo,,도시,31.929705,34.946809,역대하 28:18,확인 필요
ab98f8c,Gittaim,Gittaim,,도시,31.90302,34.88994,사무엘하 4:3; 느헤미야 11:33,확인 필요
a5627a3,Goah,Goah,,hill,31.776667,35.234167,예레미야 31:39,확인 필요
aea4530,Gob,Gob,,도시,31.859167,34.919167,사무엘하 21:18; 사무엘하 21:19,확인 필요
a858723,Gog,Gog,,지역,38.488333,28.040278,요한계시록 20:8,확인 필요
a3cefc6,Goiim 2,Goiim 2,,지역,32.76,35.527,여호수아 12:23,확인 필요
abb5c1e,Golan,Golan,,도시,32.781111,35.934722,신명기 4:43; 여호수아 20:8; 여호수아 21:27; 역대상 6:71,확인 필요
a631d35,Golgotha,골고다,,hill,31.778444,35.22975,마태복음 27:33; 마가복음 15:22; 누가복음 23:33; 요한복음 19:17,공식 성경 표기
a80bf37,Gomer,Gomer,,지역,39,32,에스겔 38:6,확인 필요
aa572e2,Gomorrah,고모라,,도시,31.20849,35.449223,창세기 10:19; 창세기 13:10; 창세기 14:2; 창세기 14:8; 창세기 14:10,공식 성경 표기
a60f092,Goshen 1,Goshen 1,,지역,30.79937,31.834217,창세기 45:10; 창세기 46:28; 창세기 46:29; 창세기 46:34; 창세기 47:1,확인 필요
ad3e63c,Goshen 2,Goshen 2,,지역,31.407622,34.9723,여호수아 10:41; 여호수아 11:16,확인 필요
a81a10a,Goshen 3,Goshen 3,,도시,31.407622,34.9723,여호수아 15:51,확인 필요
a924b16,Gozan,Gozan,,도시,36.826785,40.03967,열왕기하 17:6; 열왕기하 18:11; 열왕기하 19:12; 역대상 5:26; 이사야 37:12,확인 필요
aa805fb,Great Sea,Great Sea,,body of water,31.804819,34.17035,Ex 23:31; 민수기 13:29; 민수기 34:5; 민수기 34:6; 민수기 34:7,확인 필요
a4492a0,Greece,Greece,,지역,37.971851,23.726738,다니엘 8:21; 다니엘 10:20; 다니엘 11:2; 스가랴 9:13; 사도행전 16:9,확인 필요
aaa3eca,Gulloth-mayim,Gulloth-mayim,,샘,31.43209,35.01485,여호수아 15:19; 사사기 1:15,확인 필요
a878fea,Gur,Gur,,hill,32.44411,35.2966,열왕기하 9:27,확인 필요
a763368,Gurbaal,Gurbaal,,도시,30.745843,35.603919,역대하 26:7,확인 필요
a654e6d,Gutium,Gutium,,지역,34.387529,47.132096,,확인 필요
af19252,Habor,Habor,,강,35.130298,40.427284,열왕기하 17:6; 열왕기하 18:11; 역대상 5:26,확인 필요
a28a7df,Hachilah,Hachilah,,도시,31.4703,35.2228,사무엘상 23:19; 사무엘상 26:1; 사무엘상 26:3,확인 필요
a785680,Hadashah,Hadashah,,도시,31.626892,34.845729,여호수아 15:37,확인 필요
a044272,Hadid,Hadid,,도시,31.963319,34.951764,에스라 2:33; 느헤미야 7:37; 느헤미야 11:34,확인 필요
a3e8d63,Hadrach,Hadrach,,도시,35.905,36.798611,스가랴 9:1,확인 필요
ae1d208,Haeleph,Haeleph,,도시,31.802528,35.209636,여호수아 18:28,확인 필요
a607415,Hakkephirim,Hakkephirim,,도시,32.027222,34.868056,느헤미야 6:2,확인 필요
abf176f,Halah,Halah,,지역,36.43173,43.19459,열왕기하 17:6; 열왕기하 18:11; 역대상 5:26; 오바댜 1:20,확인 필요
a1d5a28,Halahha,Halahha,,도시,36.43173,43.19459,,확인 필요
afca9ce,Halhul,Halhul,,도시,31.57741,35.10725,여호수아 15:58,확인 필요
a79d6a5,Hali,Hali,,도시,32.771772,35.155668,여호수아 19:25,확인 필요
a8c2deb,Hall of Judgment,Hall of Judgment,,hall,31.776667,35.234167,열왕기상 7:7,확인 필요
a493f37,Hall of Pillars,Hall of Pillars,,hall,31.776667,35.234167,열왕기상 7:6,확인 필요
a5e2c12,Hall of the Throne,Hall of the Throne,,hall,31.776667,35.234167,열왕기상 7:7,확인 필요
a7a5f29,Ham 1,Ham 1,,도시,32.514213,35.812384,창세기 14:5,확인 필요
a2f3001,Ham 2,Ham 2,,지역,30.129444,31.3075,시편 78:51; 시편 105:23; 시편 105:27; 시편 106:22,확인 필요
ac62cbc,Hamath 1,Hamath 1,,도시,35.1365,36.75,사무엘하 8:9; 열왕기하 14:28; 열왕기하 18:34; 열왕기하 19:13; 열왕기하 23:33,확인 필요
aa9c505,Hamath 2,Hamath 2,,도시,35.1365,36.75,열왕기하 17:24; 열왕기하 17:30,확인 필요
ab6a417,Hamath-zobah,Hamath-zobah,,지역,35.1365,36.75,역대상 18:3; 역대하 8:3,확인 필요
a2d6bfc,Hammath 1,Hammath 1,,도시,32.766368,35.550553,여호수아 19:35,확인 필요
a9d4f8e,Hammon 1,Hammon 1,,도시,33.128108,35.152022,여호수아 19:28,확인 필요
a62236c,Hammon 2,Hammon 2,,도시,32.766368,35.550553,역대상 6:76,확인 필요
a7d3e84,Hammoth-dor,Hammoth-dor,,도시,32.766368,35.550553,여호수아 21:32,확인 필요
a154d7b,Hamonah,Hamonah,,도시,31.7539,35.7152,에스겔 39:16,확인 필요
abf97ba,Hanes,Hanes,,도시,29.085556,30.934444,이사야 30:4,확인 필요
a412c43,Hannathon,Hannathon,,도시,32.785556,35.256944,여호수아 19:14,확인 필요
a6309c7,Hapharaim,Hapharaim,,도시,32.60385,35.44661,여호수아 19:19,확인 필요
a73af5f,Haradah,Haradah,,campsite,30.50662,34.30356,민수기 33:24; 민수기 33:25,확인 필요
a6d9af3,Haran,하란,,도시,36.864444,39.032778,창세기 11:31; 창세기 11:32; 창세기 12:4; 창세기 12:5; 창세기 27:43,공식 성경 표기
adeff6d,Harhar,Harhar,,지역,34.188333,48.376944,,확인 필요
a553fe6,Harmon,Harmon,,산,33.4,35.85,아모스 4:3,확인 필요
ae3cace,Harod 1,Harod 1,,샘,32.548611,35.355833,사사기 7:1,확인 필요
afd8b40,Harod 2,Harod 2,,도시,31.73333,35.2721,사무엘하 23:25; 역대상 11:27,확인 필요
aaa8a88,Hashmonah,Hashmonah,,campsite,31.30992,34.9078,민수기 33:29; 민수기 33:30,확인 필요
a4b8b4d,Hatti,Hatti,,지역,40.019722,34.615278,,확인 필요
a0e8903,Hauran,Hauran,,지역,32.73009,36.36812,에스겔 47:16; 에스겔 47:18,확인 필요
ad7e819,Havilah 1,Havilah 1,,지역,32.543333,44.422222,창세기 2:11,확인 필요
ac5e5c4,Havilah 2,Havilah 2,,지역,23,46,창세기 25:18,확인 필요
a1d9047,Havilah 3,Havilah 3,,지역,23,46,사무엘상 15:7,확인 필요
a26c8f2,Havvoth-jair,Havvoth-jair,,지역,32.5876,35.7256,민수기 32:41; 신명기 3:14; 여호수아 13:30; 사사기 10:4; 열왕기상 4:13,확인 필요
a3f301c,Hazar-addar,Hazar-addar,,도시,30.583378,34.484081,민수기 34:4,확인 필요
a1ce1b7,Hazar-enan,Hazar-enan,,도시,34.229444,37.240556,민수기 34:9; 민수기 34:10; 에스겔 47:17; 에스겔 48:1,확인 필요
a7672d8,Hazar-gaddah,Hazar-gaddah,,도시,31.244722,34.840833,여호수아 15:27,확인 필요
a89005a,Hazar-shual,Hazar-shual,,도시,31.244722,34.840833,여호수아 15:28; 여호수아 19:3; 역대상 4:28; 느헤미야 11:27,확인 필요
ab270f6,Hazar-susah,Hazar-susah,,도시,31.3445,34.9014,여호수아 19:5; 역대상 4:31,확인 필요
a4d6a38,Hazazon-tamar 1,Hazazon-tamar 1,,지역,30.8087,35.2459,창세기 14:7,확인 필요
a887a2d,Hazazon-tamar 2,Hazazon-tamar 2,,지역,31.45,35.383333,역대하 20:2,확인 필요
aae18d7,Hazer-hatticon,Hazer-hatticon,,도시,34.229444,37.240556,에스겔 47:16,확인 필요
a1b6474,Hazeroth,Hazeroth,,도시,28.896944,34.421667,민수기 11:35; 민수기 12:1; 민수기 12:16; 민수기 33:17; 민수기 33:18,확인 필요
a6f33c5,Hazor 1,Hazor 1,,도시,33.018333,35.569167,여호수아 11:1; 여호수아 11:10; 여호수아 11:11; 여호수아 11:13; 여호수아 12:19,확인 필요
ae5657c,Hazor 2,Hazor 2,,도시,30.722781,34.645224,여호수아 15:23,확인 필요
a4d3e40,Hazor 3,Hazor 3,,도시,31.344952,35.124376,여호수아 15:25,확인 필요
ae9b9bc,Hazor 4,Hazor 4,,산,31.832184,35.195465,느헤미야 11:33,확인 필요
a3088c2,Hazor 5,Hazor 5,,지역,29.811417,39.868306,예레미야 49:28; 예레미야 49:30; 예레미야 49:33,확인 필요
acce8c8,Hazor-hadattah,Hazor-hadattah,,도시,31.373333,35.233611,여호수아 15:25,확인 필요
a85151a,Hebron,헤브론,,도시,31.525087,35.10222,창세기 13:18; 창세기 23:2; 창세기 23:19; 창세기 35:27; 민수기 13:22,공식 성경 표기
aeb09c0,Helam,Helam,,도시,32.75,36.240833,사무엘하 10:16; 사무엘하 10:17,확인 필요
a3cb036,Helbah,Helbah,,도시,33.317804,35.243368,사사기 1:31,확인 필요
a8a8e54,Helbon,Helbon,,도시,33.6667,36.25,에스겔 27:18,확인 필요
ab5f357,Helech,Helech,,지역,36.913028,34.892056,에스겔 27:11,확인 필요
a8687ff,Heleph,Heleph,,도시,32.72474,35.41385,여호수아 19:33; 여호수아 19:34,확인 필요
acd9137,Heliopolis,Heliopolis,,도시,30.129444,31.3075,창세기 41:45; 창세기 41:50; 창세기 46:20; 예레미야 43:13; 에스겔 30:17,확인 필요
a1d1918,Helkath,Helkath,,도시,32.685278,35.109722,여호수아 19:25; 여호수아 21:31,확인 필요
ac722b9,Helkath-hazzurim,Helkath-hazzurim,,field,31.847451,35.183351,사무엘하 2:16,확인 필요
aab9a5e,Hena,Hena,,도시,34.368611,41.981944,열왕기하 18:34; 열왕기하 19:13; 이사야 37:13,확인 필요
a2ebe1c,Hepher,Hepher,,도시,32.44285,35.21767,여호수아 12:17; 열왕기상 4:10,확인 필요
a542fc2,Heracleopolis Magna,Heracleopolis Magna,,도시,29.085556,30.934444,,확인 필요
acd64ca,Heracleopolis Parva,Heracleopolis Parva,,도시,30.978056,32.175556,,확인 필요
a7df136,Hereth,Hereth,,forest,31.614106,35.043133,사무엘상 22:5,확인 필요
a72ca28,Herod’s palace,Herod’s palace,,structure,31.776083,35.228036,,확인 필요
abf2fc1,Heshbon,Heshbon,,도시,31.800811,35.809062,민수기 21:25; 민수기 21:26; 민수기 21:27; 민수기 21:28; 민수기 21:30,확인 필요
ad2d29f,Heshmon,Heshmon,,도시,31.30992,34.9078,여호수아 15:27,확인 필요
a1ab517,Hethlon,Hethlon,,도시,34.60306,36.13361,에스겔 47:15; 에스겔 48:1,확인 필요
ad5c4a1,Hezron,Hezron,,도시,30.648333,34.422222,여호수아 15:3,확인 필요
a11bbbe,Hierapolis,Hierapolis,,도시,37.926616,29.127375,골로새서 4:13,확인 필요
ad1c917,Hilakku,Hilakku,,지역,36.913028,34.892056,,확인 필요
a6779cd,Hobah,Hobah,,지역,34.25,37.066667,창세기 14:15,확인 필요
a8819e0,Holon 1,Holon 1,,도시,31.662152,35.030496,여호수아 15:51; 여호수아 21:15; 역대상 6:58,확인 필요
a2a444a,Holon 2,Holon 2,,도시,31.180556,35.701389,예레미야 48:21,확인 필요
ab60a74,Holy Place 2,Holy Place 2,,room,31.777778,35.235556,열왕기상 6:5; 열왕기상 8:8; 열왕기상 8:10; 역대상 24:5; 역대하 5:9,확인 필요
a9cdd53,Horem,Horem,,도시,33.221667,35.464444,여호수아 19:38,확인 필요
a23db8d,Horesh,Horesh,,natural area,31.45026,35.12738,사무엘상 23:15; 사무엘상 23:16; 사무엘상 23:18; 사무엘상 23:19,확인 필요
a5e36e6,Hor-haggidgad,Hor-haggidgad,,campsite,30.11424,34.71154,민수기 33:32; 민수기 33:33; 신명기 10:7,확인 필요
ada25df,Hormah,Hormah,,도시,31.212285,34.958277,민수기 14:45; 민수기 21:3; 신명기 1:44; 여호수아 12:14; 여호수아 15:30,확인 필요
a9dd823,Horonaim 1,Horonaim 1,,도시,31.09001,35.64193,이사야 15:5; 예레미야 48:3; 예레미야 48:5; 예레미야 48:34,확인 필요
a159029,Horonaim 2,Horonaim 2,,도시,31.895,35.083611,사무엘하 13:34,확인 필요
af8b51e,Horse Gate,Horse Gate,,gate,31.776667,35.234167,역대하 23:15; 느헤미야 3:28; 예레미야 31:40,확인 필요
a2feddf,Hosah,Hosah,,도시,33.23674,35.21519,여호수아 19:29,확인 필요
a966bdf,House of the Forest of Lebanon,House of the Forest of Lebanon,,structure,31.776667,35.234167,열왕기상 7:2; 열왕기상 10:17; 열왕기상 10:21; 역대하 9:16; 역대하 9:20,확인 필요
a901903,Hukkok,Hukkok,,도시,32.864276,35.263449,여호수아 19:34,확인 필요
a5c4318,Hukok,Hukok,,도시,32.75885,35.09027,역대상 6:75,확인 필요
a5a846f,Humtah,Humtah,,도시,31.525087,35.10222,여호수아 15:54,확인 필요
a54fdd6,Hushah,Hushah,,도시,31.71181,35.13242,사무엘하 21:18; 사무엘하 23:27; 역대상 4:4; 역대상 11:29; 역대상 20:4,확인 필요
a878d66,Ibleam,Ibleam,,도시,32.4462,35.292,여호수아 17:11; 사사기 1:27; 열왕기하 9:27; 열왕기하 15:10,확인 필요
ae425aa,Iconium,이고니온,,도시,37.872202,32.492331,사도행전 13:51; 사도행전 14:1; 사도행전 14:19; 사도행전 14:21; 사도행전 16:2,공식 성경 표기
ae8fac6,Idalah,Idalah,,도시,32.725794,35.183433,여호수아 19:15,확인 필요
a2517a0,Idumea,Idumea,,지역,31.525087,35.10222,마가복음 3:8,확인 필요
ad161d1,Iim,Iim,,도시,31.36475,34.92061,여호수아 15:29,확인 필요
a062b95,Ijon,Ijon,,도시,33.345278,35.59,열왕기상 15:20; 열왕기하 15:29; 역대하 16:4,확인 필요
ac405c0,Illyricum,Illyricum,,지역,43.539444,16.483056,로마서 15:19,확인 필요
ae4d198,Immer,Immer,,도시,32.543333,44.422222,에스라 2:59; 느헤미야 7:61,확인 필요
a878481,India,India,,지역,23.9944,67.4308,Est 1:1; Est 8:9,확인 필요
a67bd13,Iphtah,Iphtah,,도시,31.57459,35.01244,여호수아 15:43,확인 필요
a6c0a5f,Ir-moab,Ir-moab,,도시,31.280864,35.759526,민수기 22:36,확인 필요
a31913c,Ir-nahash,Ir-nahash,,도시,31.615681,34.921722,역대상 4:12,확인 필요
a21b934,Irpeel,Irpeel,,도시,31.870556,35.192222,여호수아 18:27,확인 필요
ad6cc26,Ir-shemesh,Ir-shemesh,,도시,31.750621,34.974744,여호수아 19:41,확인 필요
a7184a7,Italy,Italy,,지역,41.8922,12.4852,사도행전 18:2; 사도행전 27:1; 사도행전 27:6; 히브리서 13:24,확인 필요
abf8060,Ithlah,Ithlah,,도시,31.841111,35.023611,여호수아 19:42,확인 필요
ac333a2,Ithnan,Ithnan,,도시,30.61274,34.73251,여호수아 15:23,확인 필요
aa9e265,Ituraea,Ituraea,,지역,33.4,35.85,누가복음 3:1,확인 필요
a9ac5f9,Ivvah,Ivvah,,도시,34.684722,36.690556,열왕기하 18:34; 열왕기하 19:13; 이사야 37:13,확인 필요
a0574da,Iye-abarim,Iye-abarim,,campsite,30.955999,35.77948,민수기 21:11; 민수기 33:44; 민수기 33:45,확인 필요
a8fe6a4,Jaar,Jaar,,도시,31.808957,35.10378,시편 132:6,확인 필요
aca7bd9,Jabbok,Jabbok,,강,32.11525,35.543056,창세기 32:22; 민수기 21:24; 신명기 2:37; 신명기 3:16; 여호수아 12:2,확인 필요
af92088,Jabesh-gilead,Jabesh-gilead,,도시,32.40237,35.6823,사사기 21:8; 사사기 21:9; 사사기 21:10; 사사기 21:12; 사사기 21:14,확인 필요
aedf531,Jabez,Jabez,,도시,31.704306,35.207639,역대상 2:55,확인 필요
a7adb01,Jabneel 1,Jabneel 1,,도시,31.866,34.7463,여호수아 15:11; 역대하 26:6,확인 필요
abff89f,Jabneel 2,Jabneel 2,,도시,32.713333,35.5125,여호수아 19:33,확인 필요
a907232,Jagur,Jagur,,도시,31.2328,34.9867,여호수아 15:21,확인 필요
ad9b1cd,Jahaz,Jahaz,,도시,31.588347,35.907928,민수기 21:23; 신명기 2:32; 여호수아 13:18; 여호수아 21:36; 사사기 11:20,확인 필요
a175f4b,Janim,Janim,,도시,31.51591,35.16416,여호수아 15:53,확인 필요
a0bcd48,Janoah 1,Janoah 1,,도시,32.15798,35.36133,여호수아 16:6; 여호수아 16:7,확인 필요
a4f2291,Janoah 2,Janoah 2,,도시,33.26025,35.30259,열왕기하 15:29,확인 필요
adb6f6b,Janua,Janua,,도시,32.486486,35.235272,,확인 필요
ab15bb3,Japhia,Japhia,,도시,32.687019,35.27535,여호수아 19:12,확인 필요
a539e01,Jarmuth 1,Jarmuth 1,,도시,31.7083,34.975,여호수아 10:3; 여호수아 10:5; 여호수아 10:23; 여호수아 12:11; 여호수아 15:35,확인 필요
a1eb300,Jarmuth 2,Jarmuth 2,,도시,32.595556,35.521389,여호수아 21:29,확인 필요
ad6eb0b,Jattir,Jattir,,도시,31.3525,35.016111,여호수아 15:48; 여호수아 21:14; 사무엘상 30:27; 사무엘하 23:38; 역대상 6:57,확인 필요
a116c5c,Javan,Javan,,지역,38.2,27.5,이사야 66:19; 에스겔 27:13,확인 필요
a095b6e,Jazer,Jazer,,도시,31.944471,35.830077,민수기 21:24; 민수기 21:32; 민수기 32:1; 민수기 32:3; 민수기 32:35,확인 필요
a403c45,Jebus,Jebus,,도시,31.776667,35.234167,여호수아 15:8; 여호수아 18:16; 여호수아 18:28; 사사기 19:10; 사사기 19:11,확인 필요
aa0ef78,Jehud,Jehud,,도시,32.030833,34.890278,여호수아 19:45,확인 필요
a231f80,Jericho 1,Jericho 1,,도시,31.871719,35.444564,민수기 22:1; 민수기 26:3; 민수기 26:63; 민수기 31:12; 민수기 33:48,확인 필요
aaf03fa,Jericho 2,Jericho 2,,도시,31.851872,35.436238,마태복음 20:29; 마가복음 10:46; 누가복음 10:30; 누가복음 18:35; 누가복음 19:1,확인 필요
a8ccbf2,Jeruel,Jeruel,,지역,31.579722,35.309167,역대하 20:16,확인 필요
a15257a,Jerusalem,예루살렘,,도시,31.776667,35.234167,여호수아 10:1; 여호수아 10:2; 여호수아 10:3; 여호수아 10:5; 여호수아 10:23,공식 성경 표기
a5f5b06,Jeshanah,Jeshanah,,도시,31.99855,35.26029,역대하 13:19,확인 필요
ad41f6e,Jeshimon,Jeshimon,,지역,31.4703,35.2228,민수기 21:20; 민수기 23:28; 사무엘상 23:19; 사무엘상 23:24; 사무엘상 26:1,확인 필요
ab8473d,Jeshua,Jeshua,,도시,31.276389,34.990278,느헤미야 11:26,확인 필요
ad94cc9,Jezreel 1,Jezreel 1,,도시,31.447778,35.09,여호수아 15:56,확인 필요
ae0bf4a,Jezreel 2,Jezreel 2,,도시,32.557853,35.327953,여호수아 19:18; 사무엘상 29:1; 사무엘상 29:11; 사무엘하 2:9; 사무엘하 4:4,확인 필요
ac644e9,Jezreel 3,Jezreel 3,,도시,31.447778,35.09,사무엘상 25:43; 사무엘상 27:3; 사무엘상 30:5; 사무엘하 2:2; 사무엘하 3:2,확인 필요
acf6e00,Jogbehah,Jogbehah,,도시,32.013531,35.855751,민수기 32:35; 사사기 8:11,확인 필요
a56cad5,Jokdeam,Jokdeam,,도시,31.461967,35.118489,여호수아 15:56,확인 필요
ab2e402,Jokmeam 1,Jokmeam 1,,도시,32.13993,35.48497,열왕기상 4:12,확인 필요
aaa8b2e,Jokmeam 2,Jokmeam 2,,도시,32.13993,35.48497,역대상 6:68,확인 필요
a5c92e1,Jokneam,Jokneam,,도시,32.664099,35.108266,여호수아 12:22; 여호수아 19:11; 여호수아 21:34; 역대상 6:77,확인 필요
a45dd20,Joktheel 1,Joktheel 1,,도시,31.565278,34.849167,여호수아 15:38,확인 필요
ae023a9,Joppa,욥바,,도시,32.054481,34.753039,여호수아 19:46; 역대하 2:16; 에스라 3:7; 요나 1:3; 사도행전 9:36,공식 성경 표기
ae686c9,Jordan,Jordan,,강,31.761389,35.558333,창세기 32:10; 창세기 50:10; 창세기 50:11; 민수기 13:29; 민수기 22:1,확인 필요
aa54aa4,Jordan Valley,Jordan Valley,,골짜기,32.317222,35.57,창세기 13:10; 창세기 13:11; 창세기 13:12; 창세기 19:17; 창세기 19:25,확인 필요
a2b389a,Jorkeam,Jorkeam,,도시,31.461967,35.118489,역대상 2:44,확인 필요
adbbb54,Jotbah,Jotbah,,도시,32.831944,35.278139,열왕기하 21:19,확인 필요
a7384d7,Jotbathah,Jotbathah,,도시,29.492468,34.896882,민수기 33:33; 민수기 33:34; 신명기 10:7,확인 필요
a149f13,Judea 1,Judea 1,,지역,31.776667,35.234167,마태복음 2:1; 마태복음 2:5; 마태복음 2:22; 마태복음 3:1; 마태복음 3:5,확인 필요
ab86a69,Judea 2,Judea 2,,지역,31.776667,35.234167,에스라 5:8; 에스라 9:9,확인 필요
acc7184,Juttah,Juttah,,도시,31.447778,35.09,여호수아 15:55; 여호수아 21:16; 역대상 6:59,확인 필요
a2715db,Kabzeel,Kabzeel,,도시,31.28619,34.93235,여호수아 15:21; 사무엘하 23:20; 역대상 11:22; 느헤미야 11:25,확인 필요
adc9b5a,Kadesh 2,Kadesh 2,,도시,34.55781,36.5196,사무엘하 24:6,확인 필요
ac2cef0,Kadesh-barnea,Kadesh-barnea,,도시,30.648333,34.422222,창세기 14:7; 창세기 16:14; 창세기 20:1; 민수기 13:26; 민수기 20:1,확인 필요
a765bd8,Kain,Kain,,도시,31.49627,35.15154,민수기 24:22; 여호수아 15:57,확인 필요
a804aeb,Kamon,Kamon,,도시,32.5876,35.7256,사사기 10:5,확인 필요
a373106,Kanah 1,Kanah 1,,강,32.127,34.8954,여호수아 16:8; 여호수아 17:9,확인 필요
ac3233c,Kanah 2,Kanah 2,,도시,33.209167,35.299167,여호수아 19:28,확인 필요
a438f5e,Karka,Karka,,도시,30.666667,34.366667,여호수아 15:3,확인 필요
a0415e8,Karkor,Karkor,,도시,31.36306,37.54278,사사기 8:10,확인 필요
adf5c7b,Karnaim,Karnaim,,도시,32.835833,36.035,아모스 6:13,확인 필요
ac0f6e7,Kartah,Kartah,,도시,33.111944,35.4625,여호수아 21:34; 역대상 6:77,확인 필요
a4959d5,Kartan,Kartan,,도시,33.111944,35.4625,여호수아 21:32,확인 필요
a6536c9,Kattath,Kattath,,도시,32.62558,35.03215,여호수아 19:15,확인 필요
a68d1a9,Kedar,Kedar,,people group,29.811417,39.868306,시편 120:5; Sng 1:5; 이사야 21:16; 이사야 21:17; 이사야 42:11,확인 필요
a416b43,Kedemoth,Kedemoth,,도시,31.531844,35.880262,신명기 2:26; 여호수아 13:18; 여호수아 21:37; 역대상 6:79,확인 필요
a321cb8,Kedesh 1,Kedesh 1,,도시,33.111638,35.529517,여호수아 12:22; 여호수아 21:32; 열왕기하 15:29; 역대상 6:76,확인 필요
a4fa255,Kedesh 2,Kedesh 2,,도시,30.648333,34.422222,여호수아 15:23,확인 필요
adb5ae4,Kedesh 3,Kedesh 3,,도시,32.661389,35.393056,역대상 6:72,확인 필요
ad74690,Kedesh 4,Kedesh 4,,도시,32.735,35.55555,사사기 4:9; 사사기 4:10; 사사기 4:11,확인 필요
a662eed,Kedesh 5,Kedesh 5,,도시,33.111638,35.529517,여호수아 19:37; 여호수아 20:7,확인 필요
a48191b,Kedesh-naphtali,Kedesh-naphtali,,도시,32.735,35.55555,사사기 4:6,확인 필요
a32d25a,Kehelathah,Kehelathah,,campsite,30.193056,34.421111,민수기 33:22; 민수기 33:23,확인 필요
ad9df93,Keilah,Keilah,,도시,31.6137,35.0036,여호수아 15:44; 사무엘상 23:1; 사무엘상 23:2; 사무엘상 23:3; 사무엘상 23:4,확인 필요
a4f650b,Kenath,Kenath,,도시,32.75616,36.61899,민수기 32:42; 역대상 2:23,확인 필요
a2d84de,Kerioth,Kerioth,,도시,31.540556,35.686111,예레미야 48:24; 예레미야 48:41; 아모스 2:2,확인 필요
af66926,Kerioth-hezron,Kerioth-hezron,,도시,31.344952,35.124376,여호수아 15:25,확인 필요
ae7836a,Kibroth-hattaavah,Kibroth-hattaavah,,도시,28.788667,34.275439,민수기 11:34; 민수기 11:35; 민수기 33:16; 민수기 33:17; 신명기 9:22,확인 필요
a5187a4,Kibzaim,Kibzaim,,도시,32.13993,35.48497,여호수아 21:22,확인 필요
a553110,Kidron,Kidron,,강,31.780278,35.24,사무엘하 15:22; 사무엘하 15:23; 열왕기상 2:37; 열왕기상 15:13; 열왕기하 23:4,확인 필요
ae8f9cf,Kinah,Kinah,,도시,31.209188,35.165672,여호수아 15:22,확인 필요
a057d59,King’s Highway,King’s Highway,,road,31.9547,35.9343,민수기 20:17; 민수기 21:22,확인 필요
ac9f98d,King’s Valley,King’s Valley,,골짜기,31.767198,35.235985,창세기 14:17; 사무엘하 18:18,확인 필요
ab92800,Kir 1,Kir 1,,산맥,33.123611,45.931389,열왕기하 16:9; 이사야 22:6; 아모스 1:5; 아모스 9:7,확인 필요
a1a57d0,Kir 2,Kir 2,,도시,31.180556,35.701389,이사야 15:1,확인 필요
ab55371,Kir-hareseth,Kir-hareseth,,도시,31.180556,35.701389,열왕기하 3:25; 이사야 16:7; 이사야 16:11; 예레미야 48:31; 예레미야 48:36,확인 필요
ad54201,Kiriathaim 1,Kiriathaim 1,,도시,31.749127,35.74386,민수기 32:37; 여호수아 13:19; 예레미야 48:1; 예레미야 48:23; 에스겔 25:9,확인 필요
a8f428d,Kiriathaim 2,Kiriathaim 2,,도시,33.111944,35.4625,역대상 6:76,확인 필요
aeb19d6,Kiriath-huzoth,Kiriath-huzoth,,도시,31.502236,35.776574,민수기 22:39,확인 필요
a9bba61,Kiriath-jearim,Kiriath-jearim,,도시,31.808957,35.10378,여호수아 9:17; 여호수아 15:9; 여호수아 15:60; 여호수아 18:14; 여호수아 18:15,확인 필요
a20364a,Kishion,Kishion,,도시,32.661389,35.393056,여호수아 19:20; 여호수아 21:28,확인 필요
a5a6458,Kishon,Kishon,,강,32.816667,35.033333,사사기 4:7; 사사기 4:13; 사사기 5:21; 열왕기상 18:40; 시편 83:9,확인 필요
ae5cc46,Kitron,Kitron,,도시,32.62558,35.03215,사사기 1:30,확인 필요
aeb46a8,Kittim,Kittim,,섬,35,33,민수기 24:24; 다니엘 11:30,확인 필요
afe6972,Koa,Koa,,지역,34.387529,47.132096,에스겔 23:23,확인 필요
af133c0,Kue,Kue,,지역,37,35.325,열왕기상 10:28; 역대하 1:16,확인 필요
adb1dcf,Kumidi,Kumidi,,도시,33.62384,35.82104,,확인 필요
a8778a3,Laash,Laash,,도시,35.1365,36.75,,확인 필요
ad763b1,Laban,Laban,,campsite,29.99321,34.704,신명기 1:1,확인 필요
a3cc590,Lachish,Lachish,,도시,31.565278,34.849167,여호수아 10:3; 여호수아 10:5; 여호수아 10:23; 여호수아 10:31; 여호수아 10:32,확인 필요
a62aa3a,Lahmam,Lahmam,,도시,31.57183,34.896,여호수아 15:40,확인 필요
a7e39d2,Laishah,Laishah,,도시,31.798611,35.248333,이사야 10:30,확인 필요
abe5dde,Lakkum,Lakkum,,도시,32.69827,35.55186,여호수아 19:33,확인 필요
a83fb1e,Laodicea,라오디게아,,도시,37.835833,29.1075,골로새서 2:1; 골로새서 4:13; 골로새서 4:15; 골로새서 4:16; 요한계시록 1:11,공식 성경 표기
a56788c,Lasea,Lasea,,도시,34.940556,24.811111,사도행전 27:8,확인 필요
adaef13,Lasha,Lasha,,지역,31.597,35.559306,창세기 10:19,확인 필요
a8bbf2b,Lasharon,Lasharon,,지역,32.4,34.883,여호수아 12:18,확인 필요
a730058,Lebanon,레바논,,지역,33.54,35.583611,신명기 1:7; 신명기 3:25; 신명기 11:24; 여호수아 1:4; 여호수아 9:1,공식 성경 표기
ac3ac4e,Lebaoth,Lebaoth,,도시,31.00669,34.49181,여호수아 15:32,확인 필요
a9de8b7,Leb-kamai,Leb-kamai,,지역,30.962222,46.104444,예레미야 51:1,확인 필요
a5eb047,Lebo-hamath,Lebo-hamath,,도시,34.19491,36.34956,민수기 13:21; 민수기 34:8; 여호수아 13:5; 사사기 3:3; 열왕기상 8:65,확인 필요
ab6bb68,Lebonah,Lebonah,,도시,32.059064,35.249795,사사기 21:19,확인 필요
aeeaca0,Lehi,Lehi,,도시,31.748796,35.001006,사사기 15:9; 사사기 15:14; 사사기 15:19; 사무엘하 23:11,확인 필요
a97b595,Libnah 1,Libnah 1,,도시,31.629897,34.873472,여호수아 10:29; 여호수아 10:30; 여호수아 10:31; 여호수아 10:32; 여호수아 10:39,확인 필요
a3e94bd,Libnah 2,Libnah 2,,campsite,29.99321,34.704,민수기 33:20; 민수기 33:21,확인 필요
ac12af9,Libya,Libya,,지역,32.820946,21.851229,에스겔 30:5; Nahum 3:9; 사도행전 2:10,확인 필요
a2c5cc7,Lod,Lod,,도시,31.95,34.9,역대상 8:12; 에스라 2:33; 느헤미야 7:37; 느헤미야 11:35; 사도행전 9:32,확인 필요
a376eed,Lo-debar,Lo-debar,,도시,32.683927,35.629916,사무엘하 9:4; 사무엘하 9:5; 사무엘하 17:27; 아모스 6:13,확인 필요
a094036,Lower Beth-horon,Lower Beth-horon,,도시,31.895,35.083611,여호수아 16:3; 여호수아 18:13; 열왕기상 9:17; 역대상 7:24; 역대하 8:5,확인 필요
aacc081,Lower Gulloth,Lower Gulloth,,샘,31.43209,35.01485,여호수아 15:19; 사사기 1:15,확인 필요
a1ae20f,Lower Pool,Lower Pool,,pool,31.776667,35.234167,이사야 22:9,확인 필요
a38776a,Lud 1,Lud 1,,지역,38.488333,28.040278,이사야 66:19; 에스겔 27:10,확인 필요
a359997,Lud 2,Lud 2,,지역,38.488333,28.040278,예레미야 46:9; 에스겔 30:5,확인 필요
a91d516,Luhith,Luhith,,도시,31.13788,35.622231,이사야 15:5; 예레미야 48:5,확인 필요
a397042,Luz 1,Luz 1,,도시,31.922778,35.241389,창세기 28:19; 창세기 35:6; 창세기 48:3; 여호수아 16:2; 여호수아 18:13,확인 필요
a422a1f,Luz 2,Luz 2,,도시,33.46028,35.53556,사사기 1:26,확인 필요
a3668b6,Lycaonia,Lycaonia,,지역,38,33,사도행전 14:6; 사도행전 14:11,확인 필요
a19fd03,Lycia,Lycia,,지역,36.733333,29.9,사도행전 27:5,확인 필요
a2d7b73,Lydia,Lydia,,지역,38.488333,28.040278,,확인 필요
af0719d,Lystra,루스드라,,도시,37.6017,32.3384,사도행전 14:6; 사도행전 14:8; 사도행전 14:21; 사도행전 16:1; 사도행전 16:2,공식 성경 표기
acae7cb,Maacah,Maacah,,지역,33.258051,35.581007,여호수아 12:5; 여호수아 13:11; 여호수아 13:13; 사무엘하 10:6; 사무엘하 10:8,확인 필요
ae60c0c,Maarath,Maarath,,도시,31.62071,35.11352,여호수아 15:59,확인 필요
a5e9c87,Maareh-geba,Maareh-geba,,natural area,31.823113,35.230718,사사기 20:33,확인 필요
a69e1b8,Macedonia,마게도냐,,지역,41.6,22.54,사도행전 16:9; 사도행전 16:10; 사도행전 16:12; 사도행전 18:5; 사도행전 19:21,공식 성경 표기
a3b7885,Machbenah,Machbenah,,도시,31.554151,34.896797,역대상 2:49,확인 필요
ae00861,Machpelah,Machpelah,,도시,31.524672,35.110758,창세기 23:9; 창세기 23:17; 창세기 23:19; 창세기 25:9; 창세기 49:30,확인 필요
abf5daf,Madiama,Madiama,,도시,28.4947,35.0122,,확인 필요
a8661e2,Madmannah,Madmannah,,도시,31.350265,34.928577,여호수아 15:31; 역대상 2:49,확인 필요
a73a74f,Madmen,Madmen,,도시,31.291821,35.704811,예레미야 48:2,확인 필요
a67297a,Madmenah,Madmenah,,도시,31.82014,35.22322,이사야 10:31,확인 필요
a6c2936,Madon,Madon,,도시,33.076777,35.432354,여호수아 11:1; 여호수아 12:19,확인 필요
ad14067,Magadan,Magadan,,도시,32.827069,35.513552,마태복음 15:39,확인 필요
ac041e2,Magbish,Magbish,,도시,31.63816,34.95317,에스라 2:30,확인 필요
af75e9e,Magdala,Magdala,,도시,32.827069,35.513552,,확인 필요
a0d1a62,Magdalsenna,Magdalsenna,,도시,31.96618,35.47177,,확인 필요
ad876c2,Magdolum,Magdolum,,도시,30.96478,32.49286,,확인 필요
ae3d487,Magog,Magog,,지역,38.488333,28.040278,에스겔 38:2; 에스겔 39:6; 요한계시록 20:8,확인 필요
ac6f1a8,Mahalab,Mahalab,,도시,33.317804,35.243368,여호수아 19:29,확인 필요
ae5bfe9,Mahanaim,Mahanaim,,도시,32.18575,35.68667,창세기 32:2; 여호수아 13:26; 여호수아 13:30; 여호수아 21:38; 사무엘하 2:8,확인 필요
ab3fd96,Mahaneh-dan 1,Mahaneh-dan 1,,campsite,31.778023,34.998916,사사기 13:25,확인 필요
a67325d,Mahaneh-dan 2,Mahaneh-dan 2,,campsite,31.778023,34.998916,사사기 18:12,확인 필요
ac2bb0c,Makaz,Makaz,,도시,31.827028,34.932208,열왕기상 4:9,확인 필요
ac1fbba,Makheloth,Makheloth,,campsite,30.193056,34.421111,민수기 33:25; 민수기 33:26,확인 필요
abf8e4e,Makkedah,Makkedah,,도시,31.534716,34.966564,여호수아 10:10; 여호수아 10:16; 여호수아 10:17; 여호수아 10:21; 여호수아 10:28,확인 필요
a57835d,Malta,Malta,,섬,35.933464,14.411732,사도행전 28:1,확인 필요
aeb9e97,Mamre,Mamre,,도시,31.556536,35.105336,창세기 23:17; 창세기 23:19; 창세기 25:9; 창세기 35:27; 창세기 49:30,확인 필요
a6e2c95,Manahath,Manahath,,도시,31.75367,35.18901,역대상 8:6,확인 필요
a6845b1,Maon,Maon,,도시,31.409448,35.133839,여호수아 15:55; 사사기 10:12; 사무엘상 25:2,확인 필요
ad3970d,Marah,Marah,,body of water,29.34604,32.94284,Ex 15:23; Ex 15:25; Ex 15:27; 민수기 33:8; 민수기 33:9,확인 필요
ad04336,Mareal,Mareal,,도시,32.65426,35.16869,여호수아 19:11,확인 필요
a5cda86,Mareshah,Mareshah,,도시,31.592963,34.898241,여호수아 15:44; 역대하 11:8; 역대하 14:9; 역대하 14:10; 역대하 20:37,확인 필요
a1ba491,Maroth,Maroth,,도시,31.62071,35.11352,미가 1:12,확인 필요
a57e0a0,Masrekah,Masrekah,,도시,29.946944,35.463611,창세기 36:36; 역대상 1:47,확인 필요
a296e06,Massah,Massah,,campsite,28.623056,33.880278,Ex 17:7; 신명기 6:16; 신명기 9:22; 신명기 33:8; 시편 95:8,확인 필요
a033373,Mattanah,Mattanah,,도시,31.588347,35.907928,민수기 21:18; 민수기 21:19,확인 필요
a8c3105,Mearah,Mearah,,도시,33.54,35.583611,여호수아 13:4,확인 필요
aa87ef6,Meconah,Meconah,,도시,31.350265,34.928577,느헤미야 11:28,확인 필요
af4f21c,Medeba,Medeba,,도시,31.716107,35.79548,민수기 21:30; 여호수아 13:9; 여호수아 13:16; 역대상 19:7; 이사야 15:2,확인 필요
ad2fadf,Media,Media,,지역,34.8065,48.516247,에스라 6:2; Est 1:3; Est 1:14; Est 1:18; Est 1:19,확인 필요
a8554e3,Megiddo,므깃도,,도시,32.585278,35.184444,여호수아 12:21; 여호수아 17:11; 사사기 1:27; 사사기 5:19; 열왕기상 4:12,공식 성경 표기
a7d1972,Me-jarkon,Me-jarkon,,강,32.103889,34.775833,여호수아 19:46,확인 필요
a8ec269,Memphis,Memphis,,도시,29.8488,31.253,이사야 19:13; 예레미야 2:16; 예레미야 44:1; 예레미야 46:14; 예레미야 46:19,확인 필요
a97cb23,Mephaath,Mephaath,,도시,31.499722,35.919722,여호수아 13:18; 여호수아 21:37; 역대상 6:79; 예레미야 48:21,확인 필요
a8eaad5,Merathaim,Merathaim,,도시,32.543333,44.422222,예레미야 50:21,확인 필요
a505743,Meribah 1,Meribah 1,,도시,30.648333,34.422222,민수기 20:13; 민수기 20:24; 민수기 27:14; 신명기 32:51; 신명기 33:2,확인 필요
a65db0f,Meribah 2,Meribah 2,,campsite,28.623056,33.880278,Ex 17:7; 신명기 33:8; 시편 95:8,확인 필요
acea44c,Merom,Merom,,도시,33.076777,35.432354,,확인 필요
a662bda,Meronoth,Meronoth,,도시,31.885136,35.216417,역대상 27:30; 느헤미야 3:7,확인 필요
a8bc4e3,Meroz,Meroz,,도시,33.032197,35.529871,사사기 5:23,확인 필요
a6b4fb2,Mesha,Mesha,,지역,29.61094,41.552048,창세기 10:30,확인 필요
a5f9092,Meshech,Meshech,,지역,39.655,31.994167,시편 120:5; 이사야 66:19; 에스겔 27:13; 에스겔 32:26; 에스겔 38:2,확인 필요
a43f60f,Mesopotamia,Mesopotamia,,지역,36.864444,39.032778,창세기 24:10; 신명기 23:4; 사사기 3:8; 사사기 3:10; 역대상 19:6,확인 필요
a0a52ec,Metheg-ammah,Metheg-ammah,,도시,31.69972,34.84694,사무엘하 8:1,확인 필요
adea06c,Michmash,Michmash,,도시,31.872817,35.276858,사무엘상 13:2; 사무엘상 13:5; 사무엘상 13:11; 사무엘상 13:16; 사무엘상 13:23,확인 필요
a2f0a70,Michmethath,Michmethath,,산,32.17719,35.2672,여호수아 16:6; 여호수아 17:7,확인 필요
aec139c,Middin,Middin,,도시,31.74153,35.40589,여호수아 15:61,확인 필요
abee1b4,Middle Gate,Middle Gate,,gate,31.776667,35.234167,예레미야 39:3,확인 필요
acc6d8e,Midian,미디안,,지역,28.4947,35.0122,창세기 36:35; Ex 2:15; Ex 2:16; Ex 3:1; Ex 4:19,공식 성경 표기
a5f0bc3,Migdal-el,Migdal-el,,도시,33.221667,35.464444,여호수아 19:38,확인 필요
a571ca0,Migdal-gad,Migdal-gad,,도시,31.53721,34.90191,여호수아 15:37,확인 필요
a411283,Migdol 1,Migdol 1,,도시,30.96478,32.49286,Ex 14:2; 민수기 33:7,확인 필요
aa6d1bd,Migdol 2,Migdol 2,,도시,30.96478,32.49286,예레미야 44:1; 예레미야 46:14,확인 필요
a15973c,Migdol 3,Migdol 3,,도시,30.96478,32.49286,에스겔 29:10; 에스겔 30:6,확인 필요
a4335ba,Migron 1,Migron 1,,지역,31.86921,35.26807,사무엘상 14:2,확인 필요
ade6a96,Migron 2,Migron 2,,강,31.86921,35.26807,이사야 10:28,확인 필요
a55027d,Miletus,Miletus,,도시,37.531111,27.275556,사도행전 20:15; 사도행전 20:17; 디모데후서 4:20,확인 필요
a734b66,Millo,Millo,,fortification,31.776667,35.234167,사무엘하 5:9; 열왕기상 9:15; 열왕기상 9:24; 열왕기상 11:27; 역대상 11:8,확인 필요
ae1054e,Minni,Minni,,지역,36.570278,46.275278,예레미야 51:27,확인 필요
a222545,Minnith,Minnith,,도시,31.820214,35.874681,사사기 11:33; 에스겔 27:17,확인 필요
a93f8b6,Mishal,Mishal,,도시,32.872761,35.15133,여호수아 19:26; 여호수아 21:30; 역대상 6:74,확인 필요
a5bf0bd,Misrephoth-maim,Misrephoth-maim,,hill,33.338397,35.245005,여호수아 11:8; 여호수아 13:6,확인 필요
aa5f658,Mithkah,Mithkah,,campsite,30.640556,34.411111,민수기 33:28; 민수기 33:29,확인 필요
a33910d,Mitylene,Mitylene,,도시,39.110475,26.547048,사도행전 20:14,확인 필요
a0f8af9,Mizpah 1,Mizpah 1,,도시,32.118511,35.77702,사사기 10:17; 사사기 11:11; 사사기 11:29; 사사기 11:34; 호세아 5:1,확인 필요
aad0fa0,Mizpah 2,Mizpah 2,,지역,33.4,35.85,여호수아 11:3,확인 필요
a736f6c,Mizpah 3,Mizpah 3,,도시,31.885136,35.216417,사사기 20:1; 사사기 20:3; 사사기 21:1; 사사기 21:5; 사사기 21:8,확인 필요
a694ea2,Mizpah 4,Mizpah 4,,stone heap,32.118511,35.77702,창세기 31:47; 창세기 31:48; 창세기 31:49,확인 필요
afc2466,Mizpeh 1,Mizpeh 1,,도시,31.885136,35.216417,여호수아 18:26,확인 필요
a67990c,Mizpeh 2,Mizpeh 2,,도시,31.50259,34.7583,여호수아 15:38,확인 필요
ac702f1,Mizpeh 3,Mizpeh 3,,도시,31.180556,35.701389,사무엘상 22:3,확인 필요
aa0b1d6,Moab 1,Moab 1,,지역,31.180556,35.701389,창세기 36:35; Ex 15:15; 민수기 21:11; 민수기 21:13; 민수기 21:15,확인 필요
aca767b,Moab 2,Moab 2,,지역,31.84018,35.67368,민수기 22:1; 민수기 26:3; 민수기 26:63; 민수기 31:12; 민수기 33:48,확인 필요
a03a5d0,Moladah,Moladah,,도시,31.2573,34.92141,여호수아 15:26; 여호수아 19:2; 역대상 4:28; 느헤미야 11:26,확인 필요
a38ad9f,Moreh 1,Moreh 1,,tree,32.213611,35.281944,창세기 12:6; 신명기 11:30,확인 필요
a772880,Moreh 2,Moreh 2,,hill,32.61764,35.34873,사사기 7:1,확인 필요
a6ac675,Moresheth-gath,Moresheth-gath,,도시,31.633361,34.916611,예레미야 26:18; 미가 1:1; 미가 1:14,확인 필요
adaf385,Moriah,Moriah,,지역,31.777778,35.235556,창세기 22:2,확인 필요
abcd5f2,Mortar,Mortar,,district in settlement,31.776667,35.234167,스바냐 1:11,확인 필요
a88331e,Moseroth,Moseroth,,campsite,30.832057,35.056872,민수기 33:30; 민수기 33:31; 신명기 10:6,확인 필요
a9acaaf,Most Holy Place 2,Most Holy Place 2,,altar,31.777778,35.235556,열왕기상 6:16; 열왕기상 6:17; 열왕기상 6:21; 열왕기상 6:22; 열왕기상 7:49,확인 필요
ac2b4ef,Mount Baalah,Mount Baalah,,hill,31.841389,34.785833,여호수아 15:11,확인 필요
ac8955e,Mount Baal-hermon,Mount Baal-hermon,,산,33.4,35.85,사사기 3:3,확인 필요
aac759d,Mount Bashan,Mount Bashan,,산,32.666667,36.733333,시편 68:15,확인 필요
a3e21c6,Mount Carmel,갈멜 산,,산,32.6725,35.023333,여호수아 12:22; 여호수아 19:26; 열왕기상 18:19; 열왕기상 18:20; 열왕기상 18:42,공식 성경 표기
aa5cc66,Mount Ebal,Mount Ebal,,산,32.234,35.2733,신명기 11:29; 신명기 27:4; 신명기 27:13; 여호수아 8:30; 여호수아 8:33,확인 필요
ac0d1a5,Mount Ephraim,Mount Ephraim,,지역,31.922778,35.241389,예레미야 4:15; 예레미야 31:6; 예레미야 50:19,확인 필요
a75aff4,Mount Ephron,Mount Ephron,,산,31.796944,35.144167,여호수아 15:9,확인 필요
a8e843f,Mount Esau,Mount Esau,,산맥,30.1843,35.3166,오바댜 1:8; 오바댜 1:9; 오바댜 1:19; 오바댜 1:21,확인 필요
a30e967,Mount Gerizim,Mount Gerizim,,산,32.199444,35.272778,신명기 11:29; 신명기 27:12; 여호수아 8:33; 사사기 9:7; 요한복음 4:20,확인 필요
acf57c5,Mount Gilboa,Mount Gilboa,,산,32.433889,35.414444,사무엘상 28:4; 사무엘상 31:1; 사무엘상 31:8; 사무엘하 1:6; 사무엘하 1:21,확인 필요
a954735,Mount Gilead,Mount Gilead,,산,32.433889,35.414444,사사기 7:3,확인 필요
a11fadd,Mount Halak,Mount Halak,,산,30.9144,34.8287,여호수아 11:17; 여호수아 12:7,확인 필요
aeea26d,Mount Heres,Mount Heres,,도시,31.750621,34.974744,사사기 1:35,확인 필요
a341fe8,Mount Hermon,헐몬 산,,산,33.4,35.85,신명기 3:8; 신명기 3:9; 신명기 4:48; 여호수아 11:3; 여호수아 11:17,공식 성경 표기
ad8027f,Mount Hor 1,Mount Hor 1,,산,30.832057,35.056872,민수기 20:22; 민수기 20:23; 민수기 20:25; 민수기 20:27; 민수기 21:4,확인 필요
a62fa2d,Mount Hor 2,Mount Hor 2,,산,33.4,35.85,민수기 34:7; 민수기 34:8,확인 필요
a9bb03e,Mount Horeb,Mount Horeb,,산,28.539722,33.973333,Ex 3:1; Ex 17:6; Ex 33:6; 신명기 1:2; 신명기 1:6,확인 필요
a3587ba,Mount Jearim,Mount Jearim,,산,31.781111,35.051111,여호수아 15:10,확인 필요
ac54760,Mount Lebanon,Mount Lebanon,,산맥,34.299722,36.116389,사사기 3:3,확인 필요
a597123,Mount Mizar,Mount Mizar,,hill,33.4,35.85,시편 42:6,확인 필요
aac1fcf,Mount Moriah,Mount Moriah,,hill,31.777778,35.235556,역대하 3:1,확인 필요
aefaa2d,Mount Nebo,Mount Nebo,,산,31.766667,35.75,신명기 32:49; 신명기 34:1,확인 필요
ac2c4c5,Mount of Olives,감람 산,,hill,31.777946,35.245686,사무엘하 15:30; 사무엘하 15:32; 사무엘하 16:1; 열왕기상 11:7; 열왕기하 23:13,공식 성경 표기
af693b8,Mount Paran,Mount Paran,,산,28.539722,33.973333,신명기 33:2; 하박국 3:3,확인 필요
a991067,Mount Perazim,Mount Perazim,,산,31.785217,35.204735,이사야 28:21,확인 필요
ae981db,Mount Seir 1,Mount Seir 1,,산맥,30.1843,35.3166,창세기 14:6; 창세기 32:3; 창세기 33:14; 창세기 33:16; 창세기 36:8,확인 필요
a36c283,Mount Seir 2,Mount Seir 2,,산,31.7966,35.0653,여호수아 15:10,확인 필요
a39fe14,Mount Shepher,Mount Shepher,,산,30.50662,34.30356,민수기 33:23; 민수기 33:24,확인 필요
abfba2a,Mount Sinai,시내 산,,산,28.539722,33.973333,Ex 16:1; Ex 19:2; Ex 19:11; Ex 19:18; Ex 19:20,공식 성경 표기
acd63ee,Mount Tabor,다볼 산,,산,32.68625,35.392917,여호수아 19:22; 사사기 4:6; 사사기 4:12; 사사기 4:14; 사사기 5:13,공식 성경 표기
a884255,Mount Zalmon,Mount Zalmon,,산,32.234,35.2733,사사기 9:48,확인 필요
a5a92d1,Mount Zemaraim,Mount Zemaraim,,산,31.90879,35.2117,역대하 13:4,확인 필요
abd9596,Mount Zion,Mount Zion,,hill,31.771667,35.228611,열왕기하 19:31; 시편 48:2; 시편 48:11; 시편 68:16; 시편 74:2,확인 필요
af35635,Mozah,Mozah,,도시,31.79289,35.16419,여호수아 18:26,확인 필요
aa9e65f,Muster Gate,Muster Gate,,gate,31.776667,35.234167,느헤미야 3:31,확인 필요
aa4b3e2,Myra,Myra,,도시,36.259167,29.985278,사도행전 27:5,확인 필요
a2d9bc8,Mysia,Mysia,,지역,40,28.5,사도행전 16:7; 사도행전 16:8,확인 필요
ae7bd8b,Naamah 1,Naamah 1,,도시,31.565278,34.849167,여호수아 15:41,확인 필요
ac6b210,Naamah 2,Naamah 2,,산,15.348333,44.206389,욥기 2:11; 욥기 11:1; 욥기 20:1; 욥기 42:9,확인 필요
a179865,Naarah,Naarah,,도시,31.893472,35.42475,여호수아 16:7,확인 필요
a9f5289,Naaran,Naaran,,도시,31.893472,35.42475,역대상 7:28,확인 필요
ac69561,Nahalal,Nahalal,,도시,32.67914,35.19695,여호수아 19:15; 여호수아 21:35; 사사기 1:30,확인 필요
a8dafd6,Nahaliel,Nahaliel,,campsite,31.618056,35.567222,민수기 21:19,확인 필요
aff43ac,Nahor,Nahor,,도시,36.864444,39.032778,창세기 24:10,확인 필요
ac6cefa,Nahuru,Nahuru,,도시,36.864444,39.032778,,확인 필요
aee679c,Nain,Nain,,도시,32.630694,35.350139,누가복음 7:11,확인 필요
ae1c9ea,Naioth,Naioth,,도시,31.85434,35.23161,사무엘상 19:18; 사무엘상 19:19; 사무엘상 19:22; 사무엘상 19:23; 사무엘상 20:1,확인 필요
ad05040,Naphoth-dor,Naphoth-dor,,지역,32.617428,34.916364,여호수아 11:2; 여호수아 12:23; 여호수아 17:11; 열왕기상 4:11,확인 필요
af5884f,Nazareth,나사렛,,도시,32.70214,35.29769,마태복음 2:23; 마태복음 4:13; 마태복음 13:54; 마태복음 21:11; 마태복음 26:71,공식 성경 표기
a2a77d2,Neah,Neah,,도시,32.804203,35.423456,여호수아 19:13; 여호수아 19:14,확인 필요
a6a7150,Neapolis,Neapolis,,도시,40.935,24.415,사도행전 16:11,확인 필요
acd682e,Neballat,Neballat,,도시,31.986436,34.9589,느헤미야 11:34,확인 필요
ab5bd29,Nebo 1,Nebo 1,,도시,31.749127,35.74386,민수기 32:3; 민수기 32:38; 민수기 33:47; 역대상 5:8; 이사야 15:2,확인 필요
accdd09,Nebo 2,Nebo 2,,도시,31.607211,35.036733,에스라 2:29; 느헤미야 7:33,확인 필요
a1cb244,Negeb,Negeb,,지역,31.244722,34.840833,창세기 12:9; 창세기 13:1; 창세기 13:3; 창세기 20:1; 창세기 24:62,확인 필요
ab571de,Neiel,Neiel,,도시,32.8926,35.2219,여호수아 19:27,확인 필요
ac1fef1,Nephtoah,Nephtoah,,샘,31.794392,35.196606,여호수아 15:9; 여호수아 18:15,확인 필요
aaa0f54,Netaim,Netaim,,도시,31.678795,34.933932,역대상 4:23,확인 필요
a9ad5ae,Netophah,Netophah,,도시,31.66765,35.22103,사무엘하 23:28; 사무엘하 23:29; 역대상 9:16; 역대상 11:30; 역대상 27:13,확인 필요
aa85961,New Gate,New Gate,,gate,31.776667,35.234167,예레미야 26:10; 예레미야 36:10,확인 필요
aafe3bd,Nezib,Nezib,,도시,31.58586,35.00979,여호수아 15:43,확인 필요
ad96dd4,Nibshan,Nibshan,,도시,31.69945,35.38143,여호수아 15:62,확인 필요
af43cde,Nicopolis,Nicopolis,,도시,39.023485,20.73736,디도서 3:12,확인 필요
a012705,Nile,Nile,,강,31.4653,30.3667,창세기 41:1; 창세기 41:2; 창세기 41:3; 창세기 41:17; 창세기 41:18,확인 필요
a314731,Nimrah,Nimrah,,도시,31.909106,35.63872,민수기 32:3,확인 필요
ace3edc,Nimrim,Nimrim,,wadi,31.133611,35.526667,이사야 15:6; 예레미야 48:34,확인 필요
a8518f1,Nimrod,Nimrod,,지역,36.3594,43.1528,미가 5:6,확인 필요
a70fd5d,Nineveh,니느웨,,도시,36.3594,43.1528,창세기 10:11; 창세기 10:12; 열왕기하 19:36; 이사야 37:37; 요나 1:2,공식 성경 표기
afdda14,Nob,Nob,,도시,31.7925,35.244167,사무엘상 21:1; 사무엘상 22:9; 사무엘상 22:11; 사무엘상 22:19; 사무엘하 21:16,확인 필요
aa23a3e,Nobah 1,Nobah 1,,도시,32.75616,36.61899,민수기 32:42,확인 필요
a9bf50d,Nobah 2,Nobah 2,,도시,32.75616,36.61899,사사기 8:11,확인 필요
aed6b0e,Nophah,Nophah,,도시,31.180556,35.701389,민수기 21:30,확인 필요
a244929,North,North,,지역,36.226691,36.171743,다니엘 11:6; 다니엘 11:7; 다니엘 11:8; 다니엘 11:9; 다니엘 11:11,확인 필요
aa4589b,North Gate,North Gate,,gate,31.776667,35.234167,역대상 26:14,확인 필요
ab66f81,Nuhashe,Nuhashe,,지역,35.740556,37.046667,,확인 필요
a0ef1e1,Oboth,Oboth,,campsite,30.616667,35.19,민수기 21:10; 민수기 21:11; 민수기 33:43; 민수기 33:44,확인 필요
a51e3b0,Old Pool,Old Pool,,pool,31.776667,35.234167,이사야 22:11,확인 필요
ae6bfe2,Ono,Ono,,도시,32.027222,34.868056,역대상 8:12; 에스라 2:33; 느헤미야 6:2; 느헤미야 7:37; 느헤미야 11:35,확인 필요
af96edd,Ophel,Ophel,,hill,31.775333,35.236222,역대하 27:3; 역대하 33:14; 느헤미야 3:26; 느헤미야 3:27; 느헤미야 11:21,확인 필요
a104820,Ophir,오빌,,섬,18.216667,42.5,열왕기상 9:28; 열왕기상 10:11; 열왕기상 22:48; 역대상 29:4; 역대하 8:18,공식 성경 표기
a1f2174,Ophni,Ophni,,도시,31.961944,35.215556,여호수아 18:24,확인 필요
a53b82d,Ophrah 1,Ophrah 1,,도시,31.954444,35.300278,여호수아 18:23; 사무엘상 13:17,확인 필요
abd637f,Ophrah 2,Ophrah 2,,도시,32.6057,35.29,사사기 6:11; 사사기 6:24; 사사기 8:27; 사사기 8:32; 사사기 9:5,확인 필요
a8ec7ba,Paddan-aram,Paddan-aram,,지역,36.864444,39.032778,창세기 25:20; 창세기 28:2; 창세기 28:5; 창세기 28:6; 창세기 28:7,확인 필요
aa95188,Pamphylia,Pamphylia,,지역,37,31,사도행전 2:10; 사도행전 13:13; 사도행전 14:24; 사도행전 15:38; 사도행전 27:5,확인 필요
a314765,Paphos,Paphos,,도시,34.755667,32.404167,사도행전 13:6; 사도행전 13:13,확인 필요
a2ec6b7,Parah,Parah,,도시,31.8348,35.31048,여호수아 18:23,확인 필요
aa6b19b,Paran,Paran,,지역,30.303218,34.776667,창세기 21:21; 민수기 10:12; 민수기 12:16; 민수기 13:3; 민수기 13:26,확인 필요
ab1d701,Parbar,Parbar,,structure,31.776667,35.234167,역대상 26:18,확인 필요
a938779,Parvaim,Parvaim,,도시,16.871944,43.711389,역대하 3:6,확인 필요
ade301b,Patara,Patara,,도시,36.260278,29.314167,사도행전 21:1,확인 필요
aab30ec,Pathros,Pathros,,지역,24.1,32.7,이사야 11:11; 예레미야 44:1; 예레미야 44:15; 에스겔 29:14; 에스겔 30:14,확인 필요
a8f60f3,Patmos,밧모 섬,,섬,37.325,26.541667,요한계시록 1:9,공식 성경 표기
a880de2,Pau,Pau,,도시,31.121389,35.19,창세기 36:39; 역대상 1:50,확인 필요
a4b9865,Pekod,Pekod,,지역,31.36112,47.44964,예레미야 50:21; 에스겔 23:23,확인 필요
aa32a17,Pelusium,Pelusium,,도시,31.042512,32.546139,에스겔 30:15; 에스겔 30:16,확인 필요
a8a9ff9,Penuel,Penuel,,도시,32.187016,35.69211,창세기 32:30; 창세기 32:31; 사사기 8:8; 사사기 8:9; 사사기 8:17,확인 필요
a6f94a6,People’s Gate,People’s Gate,,gate,31.776667,35.234167,예레미야 17:19,확인 필요
a9ef72b,Peor,Peor,,산,31.777021,35.738498,민수기 23:28; 민수기 25:3; 민수기 25:5; 민수기 25:18; 민수기 31:16,확인 필요
ae67841,Perez-uzzah,Perez-uzzah,,도시,31.776667,35.234167,사무엘하 6:8; 역대상 13:11,확인 필요
aff04b8,Perga,Perga,,도시,36.960353,30.853686,사도행전 13:13; 사도행전 13:14; 사도행전 14:25,확인 필요
a75d2c1,Pergamum,버가모,,도시,39.13216,27.18421,요한계시록 1:11; 요한계시록 2:12,공식 성경 표기
ab9696f,Persia,바사,,지역,34.8065,48.516247,역대하 36:20; 역대하 36:22; 역대하 36:23; 에스라 1:1; 에스라 1:2,공식 성경 표기
aa9e754,Pethor,Pethor,,도시,36.7014,38.0865,민수기 22:5; 신명기 23:4,확인 필요
a8d054a,Pharpar,Pharpar,,강,33.31362,36.055535,열왕기하 5:12,확인 필요
a1c7cc1,Philadelphia,빌라델비아,,도시,38.35,28.516667,요한계시록 1:11; 요한계시록 3:7,공식 성경 표기
a49e1d0,Philippi,빌립보,,도시,41.012072,24.284576,사도행전 16:12; 사도행전 20:6; 빌립보서 1:1; 1 Thes 2:2,공식 성경 표기
ac71e65,Philistia,Philistia,,지역,31.663889,34.545833,Ex 15:14; 사사기 10:6; 사무엘상 31:9; 사무엘하 8:12; 역대상 10:9,확인 필요
a33d53e,Phoenicia,Phoenicia,,지역,33.270833,35.196111,마가복음 7:26; 사도행전 11:19; 사도행전 15:3; 사도행전 21:2,확인 필요
a9ee958,Phoenix,Phoenix,,도시,35.2,24.072222,사도행전 27:12,확인 필요
ab8ae56,Phrygia,Phrygia,,지역,39,31,사도행전 2:10; 사도행전 16:6; 사도행전 18:23,확인 필요
a2cd991,Pi-beseth,Pi-beseth,,도시,30.572778,31.51,에스겔 30:17,확인 필요
ababfd2,Pi-hahiroth,Pi-hahiroth,,산,30.860556,32.171389,Ex 14:2; Ex 14:9; 민수기 33:7; 민수기 33:8,확인 필요
a40647c,Pirathon,Pirathon,,도시,32.190556,35.165833,사사기 12:13; 사사기 12:15; 사무엘하 23:30; 역대상 11:31; 역대상 27:14,확인 필요
afd9259,Pisgah,Pisgah,,산,31.767778,35.725556,민수기 21:20; 민수기 23:14; 신명기 3:17; 신명기 3:27; 신명기 4:49,확인 필요
a19b076,Pishon,Pishon,,body of water,17.119722,42.416389,창세기 2:11,확인 필요
a55aded,Pisidia,Pisidia,,지역,38.306111,31.189167,사도행전 13:14; 사도행전 14:24,확인 필요
a3870fe,Pithom,Pithom,,도시,30.5475,31.963611,Ex 1:11,확인 필요
a63c21e,Pitru,Pitru,,도시,36.7014,38.0865,,확인 필요
a83a43e,Pontus,Pontus,,지역,40.68,37.83,사도행전 2:9; 사도행전 18:2; 베드로전서 1:1,확인 필요
a70e895,Potsherd Gate,Potsherd Gate,,gate,31.776667,35.234167,예레미야 19:2,확인 필요
abc2af0,Ptolemais,Ptolemais,,도시,32.9214,35.0692,사도행전 21:7,확인 필요
a9ecc26,Punon,Punon,,도시,30.62775,35.493647,민수기 33:42; 민수기 33:43,확인 필요
a737810,Punt,Punt,,지역,11.595,43.148056,,확인 필요
ad0520f,Put,Put,,지역,32.820946,21.851229,이사야 66:19; 예레미야 46:9; 에스겔 27:10; 에스겔 30:5; 에스겔 38:5,확인 필요
a4488e9,Puteoli,Puteoli,,도시,40.826111,14.120556,사도행전 28:13,확인 필요
a57bb2e,Raamah,Raamah,,도시,17.477271,44.179373,에스겔 27:22,확인 필요
ae067b5,Rabbah 1,Rabbah 1,,도시,31.9547,35.9343,신명기 3:11; 여호수아 13:25; 사무엘하 11:1; 사무엘하 12:26; 사무엘하 12:27,확인 필요
a28d652,Rabbah 2,Rabbah 2,,도시,31.827039,34.987606,여호수아 15:60,확인 필요
a13ffd4,Rabbith,Rabbith,,도시,32.697284,35.377531,여호수아 19:20,확인 필요
a446973,Racal,Racal,,도시,31.422876,35.132952,사무엘상 30:29,확인 필요
a9664ba,Ragmat,Ragmat,,도시,17.477271,44.179373,,확인 필요
a204528,Rakkath,Rakkath,,도시,32.806389,35.525833,여호수아 19:35,확인 필요
aa3e5ae,Rakkon,Rakkon,,강,32.130826,34.787262,여호수아 19:46,확인 필요
a6d57ed,Ramah 1,Ramah 1,,도시,31.85434,35.23161,여호수아 18:25; 사사기 4:5; 사사기 19:13; 열왕기상 15:17; 열왕기상 15:21,확인 필요
a664d03,Ramah 2,Ramah 2,,도시,33.1108,35.3106,여호수아 19:29,확인 필요
a010244,Ramah 3,Ramah 3,,도시,32.926152,35.401126,여호수아 19:36,확인 필요
a90f6e1,Ramah 4,Ramah 4,,도시,31.85434,35.23161,사무엘상 1:19; 사무엘상 2:11; 사무엘상 7:17; 사무엘상 8:4; 사무엘상 15:34,확인 필요
ad27541,Ramah 5,Ramah 5,,도시,32.499852,36.014988,열왕기하 8:29; 역대하 22:6,확인 필요
aaa4c6e,Ramah 6,Ramah 6,,도시,30.991038,34.911322,여호수아 19:8,확인 필요
a75be6f,Ramah 7,Ramah 7,,도시,31.85434,35.23161,느헤미야 11:33,확인 필요
a15bdfd,Ramah 8,Ramah 8,,hill,31.823113,35.230718,사무엘상 22:6,확인 필요
ad42cdc,Ramah 9,Ramah 9,,도시,31.85434,35.23161,역대상 27:27,확인 필요
a54ef72,Ramathaim-zophim,Ramathaim-zophim,,도시,31.85434,35.23161,사무엘상 1:1,확인 필요
a601121,Ramath-lehi,Ramath-lehi,,도시,31.748796,35.001006,사사기 15:17,확인 필요
a63c954,Ramath-mizpeh,Ramath-mizpeh,,도시,32.118511,35.77702,여호수아 13:26,확인 필요
a079b21,Rameses,Rameses,,도시,30.79937,31.834217,창세기 47:11; Ex 1:11; Ex 12:37; 민수기 33:3; 민수기 33:5,확인 필요
ada2a0b,Ramoth 1,Ramoth 1,,도시,32.595556,35.521389,역대상 6:73,확인 필요
ab049cf,Ramoth 2,Ramoth 2,,도시,31.209188,35.165672,사무엘상 30:27,확인 필요
a95147f,Ramoth 3,Ramoth 3,,도시,32.499852,36.014988,신명기 4:43; 여호수아 20:8; 여호수아 21:38; 역대상 6:80,확인 필요
a2fe63c,Ramoth-gilead,Ramoth-gilead,,도시,32.499852,36.014988,열왕기상 4:13; 열왕기상 22:3; 열왕기상 22:4; 열왕기상 22:6; 열왕기상 22:12,확인 필요
a53c3ce,Recah,Recah,,도시,31.704306,35.207639,역대상 4:12,확인 필요
a3d18b2,Red Sea 1,Red Sea 1,,body of water,28.75,33,Ex 13:18; Ex 15:4; Ex 15:22; 민수기 33:8; 신명기 11:4,확인 필요
ad64d75,Red Sea 2,Red Sea 2,,body of water,28.75,34.75,Ex 23:31; 사사기 11:16; 열왕기상 9:26; 역대하 8:17; 예레미야 49:21,확인 필요
a3ba698,Red Sea 3,Red Sea 3,,body of water,28.75,33,Ex 10:19; 민수기 33:10; 민수기 33:11,확인 필요
ae4cd38,Rehob 1,Rehob 1,,도시,34.008889,36.145278,민수기 13:21; 사무엘하 10:8,확인 필요
aaf5fef,Rehob 2,Rehob 2,,도시,33.114444,35.290833,여호수아 19:28,확인 필요
ab71288,Rehob 3,Rehob 3,,도시,32.901389,35.169444,여호수아 19:30; 여호수아 21:31; 사사기 1:31; 역대상 6:75,확인 필요
ab1d954,Rehoboth 1,Rehoboth 1,,well,31.031111,34.565833,창세기 26:22,확인 필요
a17e154,Rehoboth 2,Rehoboth 2,,도시,30.93318,35.610889,창세기 36:37; 역대상 1:48,확인 필요
a260ff1,Rehoboth-Ir,Rehoboth-Ir,,district in settlement,36.3594,43.1528,창세기 10:11,확인 필요
a1b5486,Rekem,Rekem,,도시,31.870556,35.192222,여호수아 18:27,확인 필요
ae259d9,Remeth,Remeth,,도시,32.595556,35.521389,여호수아 19:21,확인 필요
a05ebb7,Rephidim,Rephidim,,campsite,28.623056,33.880278,Ex 17:1; Ex 17:8; Ex 19:2; 민수기 33:14; 민수기 33:15,확인 필요
aefdac1,Rezeph,Rezeph,,도시,35.627778,38.756389,열왕기하 19:12; 이사야 37:12,확인 필요
a63bb26,Rhegium,Rhegium,,도시,38.1088,15.64412,사도행전 28:13,확인 필요
a4218ee,Rhodes 1,Rhodes 1,,섬,36.4402,28.2109,사도행전 21:1,확인 필요
a8c207b,Rhodes 2,Rhodes 2,,섬,36.4402,28.2109,에스겔 27:15,확인 필요
ab2bde8,Riblah 1,Riblah 1,,도시,34.459547,36.572623,열왕기하 23:33; 열왕기하 25:6; 열왕기하 25:20; 열왕기하 25:21; 예레미야 39:5,확인 필요
ac95bd8,Riblah 2,Riblah 2,,도시,33.536944,36.366111,민수기 34:11,확인 필요
a45acc3,Rimmon 1,Rimmon 1,,natural area,31.84762,35.305139,사사기 20:45; 사사기 20:47; 사사기 21:13; 이사야 10:27,확인 필요
a8da370,Rimmon 2,Rimmon 2,,도시,31.38333,34.86564,여호수아 15:32; 여호수아 19:7; 역대상 4:32; 스가랴 14:10,확인 필요
a813f22,Rimmon 3,Rimmon 3,,도시,32.788056,35.310556,여호수아 19:13,확인 필요
a655b28,Rimmono,Rimmono,,도시,32.788056,35.310556,역대상 6:77,확인 필요
ac79b33,Rimmon-perez,Rimmon-perez,,campsite,29.54022,34.65429,민수기 33:19; 민수기 33:20,확인 필요
af04ad9,Rissah,Rissah,,campsite,28.026,35.248,민수기 33:21; 민수기 33:22,확인 필요
a2e73ba,Rithmah,Rithmah,,campsite,29.03369,34.1255,민수기 33:18; 민수기 33:19,확인 필요
a669096,River 2,River 2,,강,31.0043,47.442,민수기 22:5,확인 필요
a3bb384,River 3,River 3,,강,31.02701,35.48533,창세기 36:37; 역대상 1:48,확인 필요
a897bdb,Rock of Escape,Rock of Escape,,natural area,31.451513,35.232889,사무엘상 23:28,확인 필요
a7d0e71,Rogelim,Rogelim,,도시,32.527889,35.780628,사무엘하 17:27; 사무엘하 19:31,확인 필요
afc8e7a,Rome,로마,,도시,41.8922,12.4852,사도행전 2:10; 사도행전 18:2; 사도행전 19:21; 사도행전 19:40; 사도행전 23:11,공식 성경 표기
a0009b3,Rumah,Rumah,,도시,32.78892,35.29321,열왕기하 23:36,확인 필요
af9e903,Sahar,Sahar,,도시,33.550833,36.139722,에스겔 27:18,확인 필요
afa863b,Salamis,Salamis,,도시,35.184944,33.901944,사도행전 13:5,확인 필요
ac3bc41,Salecah,Salecah,,도시,32.4939,36.7105,신명기 3:10; 여호수아 12:5; 여호수아 13:11; 역대상 5:11,확인 필요
aad7e4e,Salem,Salem,,도시,31.776667,35.234167,창세기 14:18; 시편 76:2; 히브리서 7:1; 히브리서 7:2,확인 필요
a86e0b0,Salim,Salim,,도시,32.399167,35.526389,요한복음 3:23,확인 필요
a1c44ea,Salmone,Salmone,,promontory,35.31603,26.31155,사도행전 27:7,확인 필요
a49cd82,Salona,Salona,,도시,43.539444,16.483056,,확인 필요
abed304,Salt Sea,염해(사해),,body of water,31.5,35.5,창세기 14:3; 민수기 34:3; 민수기 34:12; 신명기 3:17; 신명기 4:49,공식 성경 표기
a041bb3,Samaria 1,Samaria 1,,도시,32.276111,35.195,열왕기상 13:32; 열왕기상 16:24; 열왕기상 16:28; 열왕기상 16:29; 열왕기상 16:32,확인 필요
a282dce,Samaria 2,Samaria 2,,지역,32.276111,35.195,누가복음 17:11; 요한복음 4:4; 요한복음 4:5; 요한복음 4:7; 요한복음 4:9,확인 필요
acf6ec0,Samos,Samos,,섬,37.75,26.8333,사도행전 20:15,확인 필요
a68750d,Samothrace,Samothrace,,섬,40.45,25.583333,사도행전 16:11,확인 필요
aeedde4,Sansannah,Sansannah,,도시,31.3445,34.9014,여호수아 15:31,확인 필요
acf15b3,Saparda,Saparda,,도시,39,32,,확인 필요
a9042c4,Saparre,Saparre,,도시,32.126111,45.230833,,확인 필요
aab4a5f,Sardis,사데,,도시,38.488333,28.040278,요한계시록 1:11; 요한계시록 3:1; 요한계시록 3:4,공식 성경 표기
ab5b542,Sarid,Sarid,,도시,32.660363,35.234202,여호수아 19:10; 여호수아 19:12,확인 필요
a8d18cf,Scythia,Scythia,,지역,44.94278,34.12056,,확인 필요
a702ab6,Sea of Egypt,Sea of Egypt,,body of water,30.338333,32.377778,이사야 11:15,확인 필요
a562fcc,Sea of Galilee,갈릴리 바다,,body of water,32.818906,35.590033,민수기 34:11; 여호수아 12:3; 여호수아 13:27; 마태복음 4:18; 마태복음 9:1,공식 성경 표기
ad259d1,Sea of Jazer,Sea of Jazer,,body of water,32.006398,35.734976,예레미야 48:32,확인 필요
af74b9f,Secacah,Secacah,,도시,31.71684,35.391592,여호수아 15:61,확인 필요
a5ab519,Second Quarter,Second Quarter,,district in settlement,31.776667,35.234167,열왕기하 22:14; 역대하 34:22; 느헤미야 11:9; 스바냐 1:10,확인 필요
a4052df,Secu,Secu,,도시,31.937378,35.144736,사무엘상 19:22,확인 필요
a1aff30,Seirah,Seirah,,natural area,31.9878,35.3332,사사기 3:26; 사사기 3:27,확인 필요
a98b02e,Sela 1,Sela 1,,도시,30.78087,35.574455,사사기 1:36; 역대하 25:12,확인 필요
af8ce6a,Sela 2,Sela 2,,도시,30.78087,35.574455,열왕기하 14:7; 이사야 42:11,확인 필요
a6343cc,Sela 3,Sela 3,,도시,30.78087,35.574455,이사야 16:1,확인 필요
a6d306d,Seleucia,Seleucia,,도시,36.124,35.922,사도행전 13:4,확인 필요
a311f80,Seneh,Seneh,,cliff,31.853094,35.286169,사무엘상 14:4,확인 필요
ad27e17,Senir,Senir,,산,33.4,35.85,신명기 3:9; 역대상 5:23; Sng 4:8; 에스겔 27:5,확인 필요
a3cae2c,Sephar,Sephar,,도시,14.213898,44.402874,창세기 10:30,확인 필요
a0a98de,Sepharad,Sepharad,,도시,38.488333,28.040278,오바댜 1:20,확인 필요
a282c15,Sepharvaim,Sepharvaim,,도시,34.401068,36.636361,열왕기하 17:24; 열왕기하 17:31; 열왕기하 18:34; 열왕기하 19:13; 이사야 36:19,확인 필요
a8bb3d8,Serpent’s Stone,Serpent’s Stone,,rock,31.767198,35.235985,열왕기상 1:9,확인 필요
ae89331,Shaalbim,Shaalbim,,도시,31.86981,34.98714,여호수아 19:42; 사사기 1:35; 열왕기상 4:9,확인 필요
a1303a4,Shaalbon,Shaalbon,,도시,31.86981,34.98714,사무엘하 23:32; 역대상 11:33,확인 필요
ab6f1f0,Shaalim,Shaalim,,지역,31.954444,35.300278,사무엘상 9:4,확인 필요
a28da66,Shaaraim 1,Shaaraim 1,,도시,31.7355,35.02757,여호수아 15:36; 사무엘상 17:52,확인 필요
a488856,Shaaraim 2,Shaaraim 2,,도시,31.467,34.4041,역대상 4:31,확인 필요
a5b01f4,Shahazumah,Shahazumah,,도시,32.54175,35.3666,여호수아 19:22,확인 필요
a25f8e2,Shalishah,Shalishah,,지역,32.1525,35.044167,사무엘상 9:4,확인 필요
a5d4629,Shallecheth,Shallecheth,,gate,31.776667,35.234167,역대상 26:16,확인 필요
a846a2a,Shamir 1,Shamir 1,,도시,31.4184,34.9318,여호수아 15:48,확인 필요
af6476f,Shamir 2,Shamir 2,,도시,32.276111,35.195,사사기 10:1; 사사기 10:2,확인 필요
a7b3f5d,Shaphir,Shaphir,,도시,31.713231,34.704236,미가 1:11,확인 필요
a83fd43,Sharon 1,Sharon 1,,지역,32.4,34.883,역대상 27:29; Sng 2:1; 이사야 33:9; 이사야 35:2; 이사야 65:10,확인 필요
aa4e69f,Sharon 2,Sharon 2,,지역,31.9547,35.9343,역대상 5:16,확인 필요
a887d36,Sharuhen,Sharuhen,,도시,31.467,34.4041,여호수아 19:6,확인 필요
a86d49f,Shaveh-kiriathaim,Shaveh-kiriathaim,,natural area,31.540556,35.686111,창세기 14:5,확인 필요
a81ab85,Sheba 1,Sheba 1,,지역,15.348333,44.206389,열왕기상 10:1; 열왕기상 10:4; 열왕기상 10:10; 열왕기상 10:13; 역대하 9:1,확인 필요
ae44746,Sheba 2,Sheba 2,,도시,31.244722,34.840833,여호수아 19:2,확인 필요
ac53696,Shebarim,Shebarim,,natural area,31.907274,35.310588,여호수아 7:5,확인 필요
adf74d4,Shechem,세겜,,도시,32.213611,35.281944,창세기 12:6; 창세기 33:18; 창세기 35:4; 창세기 37:12; 창세기 37:13,공식 성경 표기
aa3d425,Sheep Gate,Sheep Gate,,gate,31.776667,35.234167,느헤미야 3:1; 느헤미야 3:32; 느헤미야 12:39; 요한복음 5:2,확인 필요
a55136c,Shema,Shema,,도시,31.244722,34.840833,여호수아 15:26,확인 필요
a78f72b,Shen,Shen,,도시,31.99855,35.26029,사무엘상 7:12,확인 필요
a9ba60c,Shepham,Shepham,,도시,34.39674,36.38715,민수기 34:10; 민수기 34:11; 역대상 27:27,확인 필요
af084cf,Shephelah,Shephelah,,지역,31.691667,34.875,신명기 1:7; 여호수아 9:1; 여호수아 10:40; 여호수아 11:2; 여호수아 11:16,확인 필요
ab58876,Sheshach,Sheshach,,도시,32.543333,44.422222,예레미야 25:26; 예레미야 51:41,확인 필요
a305f43,Shihor 1,Shihor 1,,강,31.042512,32.546139,여호수아 13:3; 역대상 13:5,확인 필요
a475518,Shihor 2,Shihor 2,,강,31.042512,32.546139,이사야 23:3,확인 필요
ac6b338,Shihor-libnath,Shihor-libnath,,natural area,32.816667,35.033333,여호수아 19:26,확인 필요
afd2396,Shikkeron,Shikkeron,,도시,31.821483,34.812,여호수아 15:11,확인 필요
a8fe47a,Shilhim,Shilhim,,도시,31.467,34.4041,여호수아 15:32,확인 필요
ae71673,Shiloah,Shiloah,,pool,31.770556,35.235,이사야 8:6,확인 필요
aa4680a,Shiloh,실로,,도시,32.055703,35.289536,창세기 49:10; 여호수아 18:1; 여호수아 18:8; 여호수아 18:9; 여호수아 18:10,공식 성경 표기
a072bae,Shimron,Shimron,,도시,32.703889,35.213333,여호수아 11:1; 여호수아 19:15,확인 필요
ae20466,Shimron-meron,Shimron-meron,,도시,32.703889,35.213333,여호수아 12:20,확인 필요
af725b1,Shinar,Shinar,,지역,32.543333,44.422222,창세기 10:10; 창세기 11:2; 창세기 14:1; 창세기 14:9; 여호수아 7:21,확인 필요
a03f6cf,Shion,Shion,,도시,32.654167,35.506944,여호수아 19:19,확인 필요
af64fb3,Shittim,Shittim,,campsite,31.84018,35.67368,민수기 25:1; 여호수아 2:1; 여호수아 3:1; 호세아 5:2; 미가 6:5,확인 필요
aa3bc1e,Shoa,Shoa,,people group,31.0043,47.4421,에스겔 23:23,확인 필요
ad16b1e,Shual,Shual,,지역,31.954444,35.300278,사무엘상 13:17,확인 필요
ac86af5,Shunem,Shunem,,도시,32.605633,35.334306,여호수아 19:18; 사무엘상 28:4; 열왕기상 1:3; 열왕기상 2:17; 열왕기상 2:21,확인 필요
acdbce0,Shur,Shur,,지역,30.493333,32.956667,창세기 16:7; 창세기 20:1; 창세기 25:18; Ex 15:22; 사무엘상 15:7,확인 필요
aa10f27,Sibmah,Sibmah,,도시,31.782365,35.761314,민수기 32:3; 민수기 32:38; 여호수아 13:19; 이사야 16:8; 이사야 16:9,확인 필요
ab5d319,Sibraim,Sibraim,,도시,34.401068,36.636361,에스겔 47:16,확인 필요
a98e4d7,Sidon,시돈,,도시,33.560985,35.371944,창세기 10:19; 창세기 49:13; 여호수아 11:8; 여호수아 13:4; 여호수아 19:28,공식 성경 표기
ab56451,Silla,Silla,,fortification,31.776667,35.234167,열왕기하 12:20,확인 필요
a294859,Siloam,Siloam,,pool,31.770556,35.235,느헤미야 2:14; 느헤미야 3:15; 누가복음 13:4; 요한복음 9:7; 요한복음 9:11,확인 필요
a0f54e4,Sin,Sin,,지역,29.147778,33.536667,Ex 16:1; Ex 17:1; 민수기 33:11; 민수기 33:12,확인 필요
a077262,Siphmoth,Siphmoth,,도시,31.400792,35.067075,사무엘상 30:28,확인 필요
a63b8c7,Sirah,Sirah,,well,31.541919,35.098819,사무엘하 3:26,확인 필요
aa454f7,Sitnah,Sitnah,,well,31.031111,34.565833,창세기 26:21,확인 필요
a2e65fb,Smyrna,Smyrna,,도시,38.418889,27.137778,요한계시록 1:11; 요한계시록 2:8,확인 필요
a39a6b9,Socoh 1,Socoh 1,,도시,31.6822,34.9749,여호수아 15:35; 사무엘상 17:1; 역대하 11:7; 역대하 28:18,확인 필요
ac9c090,Socoh 2,Socoh 2,,도시,31.400871,35.00614,여호수아 15:48,확인 필요
a64ff72,Socoh 3,Socoh 3,,도시,32.3421,35.03202,열왕기상 4:10,확인 필요
a0aa664,Sodom,소돔,,도시,31.20849,35.449223,창세기 10:19; 창세기 13:10; 창세기 13:12; 창세기 13:13; 창세기 14:2,공식 성경 표기
a47c817,Solomon’s Portico,Solomon’s Portico,,structure,31.776667,35.234167,요한복음 10:23; 사도행전 3:11; 사도행전 5:12,확인 필요
a2d4170,South 1,South 1,,지역,31.244722,34.840833,스가랴 7:7,확인 필요
a422f1c,South 2,South 2,,지역,15.348333,44.206389,마태복음 12:42; 누가복음 11:31,확인 필요
a1c0469,South 3,South 3,,지역,31.1825,29.8965,다니엘 11:5; 다니엘 11:6; 다니엘 11:7; 다니엘 11:9; 다니엘 11:11,확인 필요
a092025,South Gate,South Gate,,gate,31.776667,35.234167,역대상 26:15,확인 필요
a3f0f69,Spain,Spain,,지역,40.21,-4.35,로마서 15:24; 로마서 15:28,확인 필요
a7aafda,Sparta,Sparta,,도시,37.081944,22.423611,,확인 필요
af23dbb,Straight Street,Straight Street,,road,33.509167,36.311389,사도행전 9:11,확인 필요
a0905b5,Succoth 1,Succoth 1,,도시,32.1966,35.62118,창세기 33:17; 여호수아 13:27; 사사기 8:5; 사사기 8:6; 사사기 8:8,확인 필요
aa28709,Succoth 2,Succoth 2,,도시,30.5527,32.099,Ex 12:37; Ex 13:20; 민수기 33:5; 민수기 33:6,확인 필요
af725bb,Suph,Suph,,body of water,28.75,34.75,신명기 1:1,확인 필요
a88bcb2,Suphah,Suphah,,body of water,31.665609,35.81749,민수기 21:14,확인 필요
aadfb8f,Sur,Sur,,gate,31.776667,35.234167,열왕기하 11:6,확인 필요
a033b84,Susa,수산,,도시,32.18922,48.25778,에스라 4:9; 느헤미야 1:1; Est 1:2; Est 1:5; Est 2:3,공식 성경 표기
abef753,Sutu,Sutu,,people group,31.0043,47.4421,,확인 필요
a27b472,Sychar,Sychar,,도시,32.21776,35.28897,요한복음 4:5,확인 필요
a8a6a5b,Syene,Syene,,도시,24.088919,32.899731,이사야 49:12; 에스겔 29:10; 에스겔 30:6,확인 필요
a1e3697,Syracuse,Syracuse,,도시,37.063889,15.293056,사도행전 28:12,확인 필요
a159fa4,Syria 1,Syria 1,,지역,33.511112,36.30639,여호수아 1:4; 사사기 10:6; 사무엘하 8:5; 사무엘하 10:9; 사무엘하 10:11,확인 필요
a890adf,Syria 2,Syria 2,,지역,33.511112,36.30639,마태복음 4:24; 누가복음 2:2; 사도행전 15:23; 사도행전 15:41; 사도행전 18:18,확인 필요
ad36371,Syrtis,Syrtis,,body of water,31.5,18,사도행전 27:17,확인 필요
a6f05f6,Taanach,Taanach,,도시,32.521526,35.219122,여호수아 12:21; 여호수아 17:11; 여호수아 21:25; 사사기 1:27; 사사기 5:19,확인 필요
a5d37f9,Taanath-shiloh,Taanath-shiloh,,도시,32.176348,35.370933,여호수아 16:6,확인 필요
ab5c435,Tabbath,Tabbath,,도시,32.286841,35.618929,사사기 7:22,확인 필요
a5948b2,Tabbur-erez,Tabbur-erez,,산,32.199444,35.272778,사사기 9:37,확인 필요
a028191,Taberah,Taberah,,campsite,28.788667,34.275439,민수기 11:3; 신명기 9:22,확인 필요
af614df,Tabor 2,Tabor 2,,산,32.683367,35.324193,역대상 6:77,확인 필요
a8530e9,Tabor 3,Tabor 3,,tree,31.922778,35.241389,사무엘상 10:3,확인 필요
ad797fe,Tadmor,Tadmor,,도시,34.547,38.274,역대하 8:4,확인 필요
abe40d1,Tahath,Tahath,,campsite,30.640556,34.411111,민수기 33:26; 민수기 33:27,확인 필요
adb008c,Tahpanhes,Tahpanhes,,도시,30.860556,32.171389,예레미야 2:16; 예레미야 43:7; 예레미야 43:8; 예레미야 43:9; 예레미야 44:1,확인 필요
ab066d7,Tamar 1,Tamar 1,,도시,30.8087,35.2459,열왕기상 9:18,확인 필요
a5947d7,Tamar 2,Tamar 2,,도시,30.8087,35.2459,에스겔 47:18; 에스겔 47:19; 에스겔 48:28,확인 필요
a03be2e,Tappuah 1,Tappuah 1,,도시,32.10415,35.23007,여호수아 12:17; 여호수아 16:8; 여호수아 17:8,확인 필요
a2e9e40,Tappuah 2,Tappuah 2,,도시,31.695528,34.996,여호수아 15:34,확인 필요
acfcf28,Taralah,Taralah,,도시,31.84746,35.236,여호수아 18:27,확인 필요
a5f43dd,Tarshish 1,Tarshish 1,,섬,37.271944,-6.944167,역대하 9:21; 역대하 20:36; 역대하 20:37; 시편 72:10; 이사야 23:1,확인 필요
a666ea0,Tarsus,Tarsus,,도시,36.913028,34.892056,사도행전 9:11; 사도행전 9:30; 사도행전 11:25; 사도행전 21:39; 사도행전 22:3,확인 필요
a86d7c7,Tartessos,Tartessos,,도시,37.271944,-6.944167,,확인 필요
acfe0a6,Tegarama,Tegarama,,도시,38.7225,37.2775,,확인 필요
a2e3aa0,Tekoa,Tekoa,,도시,31.63247,35.21048,사무엘하 14:2; 사무엘하 14:4; 사무엘하 14:9; 사무엘하 23:26; 역대상 2:24,확인 필요
a10147d,Tel-abib,Tel-abib,,도시,32.126111,45.230833,에스겔 3:15,확인 필요
a0e11c1,Telassar,Telassar,,도시,36.7014,38.0865,열왕기하 19:12; 이사야 37:12,확인 필요
a6ef6a9,Telem,Telem,,도시,31.142053,34.91217,여호수아 15:24; 사무엘상 15:4,확인 필요
a0c97c0,Tel-harsha,Tel-harsha,,도시,32.126111,45.230833,에스라 2:59; 느헤미야 7:61,확인 필요
a2b5ee9,Tel-melah,Tel-melah,,도시,32.126111,45.230833,에스라 2:59; 느헤미야 7:61,확인 필요
acd48d6,Tema,Tema,,도시,27.629703,38.551626,욥기 6:19; 이사야 21:14; 예레미야 25:23,확인 필요
a831506,Teman,Teman,,지역,30.745843,35.603919,예레미야 49:7; 예레미야 49:20; 에스겔 25:13; 아모스 1:12; 오바댜 1:9,확인 필요
a944b90,Terah,Terah,,campsite,30.640556,34.411111,민수기 33:27; 민수기 33:28,확인 필요
aa4fca2,Thapsacus,Thapsacus,,도시,35.95,38.16667,,확인 필요
a9674fc,Thebes,Thebes,,도시,25.720556,32.610278,예레미야 46:25; 에스겔 30:14; 에스겔 30:15; 에스겔 30:16; Nahum 3:8,확인 필요
a5d1690,Thebez,Thebez,,도시,32.322222,35.368611,사사기 9:50; 사무엘하 11:21,확인 필요
a2ebfdf,Thelme,Thelme,,도시,31.316667,45.283333,,확인 필요
a012194,The Lord Is There,The Lord Is There,,도시,31.776667,35.234167,에스겔 48:35,확인 필요
a559399,The Lord Will Provide,The Lord Will Provide,,hill,31.777778,35.235556,창세기 22:14,확인 필요
afa9d8e,Thessalonica,데살로니가,,도시,40.637771,22.945767,사도행전 17:1; 사도행전 17:11; 사도행전 17:13; 사도행전 20:4; 사도행전 27:2,공식 성경 표기
aac5280,Thisbe,Thisbe,,도시,33.028611,35.539722,,확인 필요
afef438,Three Taverns,Three Taverns,,도시,41.561944,12.873889,사도행전 28:15,확인 필요
a94b661,Thyatira,두아디라,,도시,38.92021,27.83655,사도행전 16:14; 요한계시록 1:11; 요한계시록 2:18; 요한계시록 2:24,공식 성경 표기
ac9adc9,Tiberias,Tiberias,,도시,32.773611,35.544167,요한복음 6:23,확인 필요
a7cdf52,Tibhath,Tibhath,,도시,34.363889,36.415556,사무엘하 8:8; 역대상 18:8,확인 필요
a38ebfd,Tigris,Tigris,,강,31.0043,47.4421,창세기 2:14; 다니엘 10:4,확인 필요
a21f909,Timnah 1,Timnah 1,,도시,31.784831,34.910297,여호수아 15:10; 여호수아 19:43; 사사기 14:1; 사사기 14:2; 사사기 14:5,확인 필요
ae3f164,Timnah 2,Timnah 2,,도시,31.409448,35.133839,여호수아 15:57,확인 필요
a17c178,Timnah 3,Timnah 3,,도시,31.409448,35.133839,창세기 38:12; 창세기 38:13; 창세기 38:14,확인 필요
a6e6528,Timnath-heres,Timnath-heres,,도시,32.00806,35.10729,여호수아 19:50; 여호수아 24:30; 사사기 2:9,확인 필요
aab8f2d,Tiphsah 1,Tiphsah 1,,도시,35.95,38.16667,열왕기상 4:24,확인 필요
abf2443,Tiphsah 2,Tiphsah 2,,도시,32.10415,35.23007,열왕기하 15:16,확인 필요
a80d317,Tirzah,Tirzah,,도시,32.2874,35.3378,여호수아 12:24; 열왕기상 14:17; 열왕기상 15:21; 열왕기상 15:33; 열왕기상 16:6,확인 필요
aab527c,Tjaru,Tjaru,,도시,30.9352,32.3669,,확인 필요
aaff3e1,Tob,Tob,,도시,32.563333,36.243889,사사기 11:3; 사사기 11:5; 사무엘하 10:6; 사무엘하 10:8,확인 필요
a23a2e6,Tochen,Tochen,,도시,31.61593,34.8783,역대상 4:32,확인 필요
a7ecf6c,Tophel,Tophel,,도시,30.8375,35.604167,신명기 1:1,확인 필요
ad81b79,Topheth,Topheth,,altar,31.769167,35.228056,열왕기하 23:10; 이사야 30:33; 예레미야 7:31; 예레미야 7:32; 예레미야 19:6,확인 필요
af58391,Tower of Hananel,Tower of Hananel,,structure,31.780094,35.234303,느헤미야 3:1; 느헤미야 12:39; 예레미야 31:38; 스가랴 14:10,확인 필요
a939939,Tower of Shechem,Tower of Shechem,,structure,32.213611,35.281944,사사기 9:46; 사사기 9:47; 사사기 9:49,확인 필요
a50eea4,Tower of the Hundred,Tower of the Hundred,,structure,31.780094,35.234303,느헤미야 3:1; 느헤미야 12:39,확인 필요
a721f7f,Tower of the Ovens,Tower of the Ovens,,structure,31.776667,35.234167,느헤미야 3:11; 느헤미야 12:38,확인 필요
a85a60a,Trachonitis,Trachonitis,,지역,32.9695,36.455383,누가복음 3:1,확인 필요
a91c509,Troas,Troas,,도시,39.751944,26.158611,사도행전 16:8; 사도행전 16:11; 사도행전 20:5; 사도행전 20:6; 고린도후서 2:12,확인 필요
a6f61d3,Trogyllium,Trogyllium,,promontory,37.659431,27.003279,사도행전 20:15,확인 필요
aaaaead,Tubal,Tubal,,지역,37.295556,36.253611,이사야 66:19; 에스겔 27:13; 에스겔 38:2; 에스겔 38:3; 에스겔 39:1,확인 필요
a160272,Tyre,두로,,도시,33.270833,35.196111,여호수아 19:29; 사무엘하 5:11; 사무엘하 24:7; 열왕기상 5:1; 열왕기상 7:13,공식 성경 표기
a7a7549,Ulai,Ulai,,강,32.409975,48.147827,다니엘 8:2; 다니엘 8:16,확인 필요
afa792e,Ummah,Ummah,,도시,32.921111,35.088333,여호수아 19:30,확인 필요
a72819f,Umman Manda,Umman Manda,,지역,34.8065,48.516247,,확인 필요
af55829,Uphaz,Uphaz,,섬,18.216667,42.5,예레미야 10:9; 다니엘 10:5,확인 필요
ab682e6,Upper Beth-horon,Upper Beth-horon,,도시,31.885833,35.114167,여호수아 16:5; 역대상 7:24; 역대하 8:5,확인 필요
a380434,Upper Gulloth,Upper Gulloth,,샘,31.43209,35.01485,여호수아 15:19; 사사기 1:15,확인 필요
a532b99,Upper Pool,Upper Pool,,pool,31.776667,35.234167,열왕기하 18:17; 이사야 7:3; 이사야 36:2,확인 필요
ade3503,Upu,Upu,,지역,33.511112,36.30639,,확인 필요
abb1e21,Uqnu,Uqnu,,강,31.782302,47.869402,,확인 필요
a6cf75c,Ur 1,Ur 1,,지역,30.962222,46.104444,창세기 11:28; 창세기 11:31; 창세기 15:7; 느헤미야 9:7,확인 필요
aa01373,Ur 2,Ur 2,,도시,30.962222,46.104444,,확인 필요
a78592e,Ura,Ura,,도시,40.254639,40.226,,확인 필요
a324c4d,Uz,Uz,,지역,30.745843,35.603919,욥기 1:1; 예레미야 25:20; 예레미야애가 4:21,확인 필요
a217cc5,Uzal,Uzal,,산,15.3551,44.2145,에스겔 27:19,확인 필요
adfab55,Uzza,Uzza,,garden,31.776667,35.234167,열왕기하 21:18; 열왕기하 21:26,확인 필요
a57ea5f,Uzzen-sheerah,Uzzen-sheerah,,도시,31.895,35.083611,역대상 7:24,확인 필요
a81b7b1,Valley Gate,Valley Gate,,gate,31.776667,35.234167,역대하 26:9; 느헤미야 2:13; 느헤미야 2:15; 느헤미야 3:13,확인 필요
a31492f,Valley of Achor,Valley of Achor,,골짜기,31.71667,35.38333,여호수아 7:24; 여호수아 7:26; 여호수아 15:7; 이사야 65:10; 호세아 2:15,확인 필요
a2e6de9,Valley of Aijalon,Valley of Aijalon,,골짜기,31.8675,34.959444,여호수아 10:12,확인 필요
a0c71dc,Valley of Aven,Valley of Aven,,골짜기,34.007611,36.2044,아모스 1:5,확인 필요
a71f834,Valley of Beracah,Valley of Beracah,,골짜기,31.60894,35.17164,역대하 20:26,확인 필요
a49037e,Valley of Decision,Valley of Decision,,골짜기,31.780278,35.24,요엘 3:14,확인 필요
ab183f8,Valley of Elah,Valley of Elah,,골짜기,31.67542,34.99802,사무엘상 17:2; 사무엘상 17:19; 사무엘상 21:9,확인 필요
a38ecff,Valley of Eshcol,Valley of Eshcol,,골짜기,31.525087,35.10222,민수기 13:23; 민수기 13:24; 민수기 32:9; 신명기 1:24,확인 필요
a816ed9,Valley of Gerar,Valley of Gerar,,골짜기,31.3821,34.6065,창세기 26:17; 창세기 26:19,확인 필요
a8c579d,Valley of Gibeon,Valley of Gibeon,,골짜기,31.847451,35.183351,이사야 28:21,확인 필요
a2109c3,Valley of Hamon-gog,Valley of Hamon-gog,,special,31.7539,35.7152,에스겔 39:11; 에스겔 39:15,확인 필요
a375f5a,Valley of Hebron,Valley of Hebron,,골짜기,31.525087,35.10222,창세기 37:14,확인 필요
a37c8e6,Valley of Hinnom,Valley of Hinnom,,골짜기,31.769167,35.228056,여호수아 15:8; 여호수아 18:16; 열왕기하 23:10; 역대하 28:3; 역대하 33:6,확인 필요
a3e0180,Valley of Iphtahel,Valley of Iphtahel,,골짜기,32.771216,35.143017,여호수아 19:14; 여호수아 19:27,확인 필요
a324282,Valley of Jehoshaphat,Valley of Jehoshaphat,,골짜기,31.780278,35.24,요엘 3:2; 요엘 3:12,확인 필요
ac9a77c,Valley of Jericho,Valley of Jericho,,골짜기,31.871719,35.444564,신명기 34:3,확인 필요
aa516c2,Valley of Jezreel,Valley of Jezreel,,골짜기,32.596389,35.241944,여호수아 17:16; 사사기 6:33; 사무엘상 31:7; 역대상 10:7; 호세아 1:5,확인 필요
ac2192b,Valley of Lebanon,Valley of Lebanon,,골짜기,34.008889,36.145278,여호수아 11:17; 여호수아 12:7,확인 필요
ae32196,Valley of Mizpeh,Valley of Mizpeh,,골짜기,33.4,35.85,여호수아 11:8,확인 필요
a7559e6,Valley of Rephaim,Valley of Rephaim,,골짜기,31.763203,35.219122,여호수아 15:8; 여호수아 18:16; 사무엘하 5:18; 사무엘하 5:22; 사무엘하 23:13,확인 필요
af936bd,Valley of Salt,Valley of Salt,,special,31.050508,35.406271,사무엘하 8:13; 열왕기하 14:7; 역대상 18:12; 역대하 25:11; 시편 60:1,확인 필요
a402ee4,Valley of Shaveh,Valley of Shaveh,,골짜기,31.767198,35.235985,창세기 14:17,확인 필요
a01769f,Valley of Shittim,Valley of Shittim,,강,31.66715,35.44856,요엘 3:18,확인 필요
a4a5cce,Valley of Siddim,Valley of Siddim,,골짜기,31.20849,35.449223,창세기 14:3; 창세기 14:8; 창세기 14:10,확인 필요
a339971,Valley of Sorek,Valley of Sorek,,골짜기,31.755833,35.05,사사기 16:4,확인 필요
aa24fbf,Valley of Succoth,Valley of Succoth,,골짜기,32.1966,35.62118,시편 60:6; 시편 108:7,확인 필요
af4c2cd,Valley of the Arnon,Valley of the Arnon,,골짜기,31.465833,35.573333,신명기 2:24; 신명기 2:36; 신명기 3:8; 신명기 3:12; 신명기 3:16,확인 필요
a7c5927,Valley of Zeboim,Valley of Zeboim,,골짜기,31.83498,35.37942,사무엘상 13:18,확인 필요
a6bf8d4,Valley of Zephathah,Valley of Zephathah,,special,31.610556,34.953056,역대하 14:10,확인 필요
aaa2177,Valley of Zered,Valley of Zered,,골짜기,31.02701,35.48533,민수기 21:12,확인 필요
adec54b,Waheb,Waheb,,campsite,31.665609,35.81749,민수기 21:14,확인 필요
a84c559,Washer’s Field,Washer’s Field,,field,31.767198,35.235985,열왕기하 18:17; 이사야 7:3; 이사야 36:2,확인 필요
a0293ff,Water Gate,Water Gate,,gate,31.776667,35.234167,느헤미야 3:26; 느헤미야 8:1; 느헤미야 8:3; 느헤미야 8:16; 느헤미야 12:37,확인 필요
a70e38b,Waters of Jericho,Waters of Jericho,,강,31.870489,35.444761,여호수아 16:1,확인 필요
a6ee047,Waters of Merom,Waters of Merom,,body of water,32.978889,35.437778,여호수아 11:5; 여호수아 11:7,확인 필요
a207807,Way of Holiness,Way of Holiness,,road,31.776667,35.234167,이사야 35:8,확인 필요
a55c970,Way of the Red Sea,Way of the Red Sea,,road,29.727222,34.998333,민수기 14:25; 민수기 21:4; 신명기 1:40; 신명기 2:1,확인 필요
a61d405,West Gate,West Gate,,gate,31.776667,35.234167,역대상 26:16,확인 필요
ae11a0d,Wilderness of Maon,Wilderness of Maon,,지역,31.409448,35.133839,사무엘상 23:24; 사무엘상 23:25,확인 필요
ae50cf1,Wilderness of Sinai,Wilderness of Sinai,,지역,28.539722,33.973333,Ex 19:1; Ex 19:2; 레위기 7:38; 민수기 1:1; 민수기 1:19,확인 필요
a50057d,Wilderness of Ziph,Wilderness of Ziph,,지역,31.47475,35.13514,사무엘상 23:14; 사무엘상 23:15; 사무엘상 26:2,확인 필요
adea7b0,Wildgoats’ Rocks,Wildgoats’ Rocks,,natural area,31.45,35.383333,사무엘상 24:2,확인 필요
a78b87e,Yiron,Yiron,,도시,33.083333,35.416667,여호수아 19:38,확인 필요
a4e7fa8,Zaanan,Zaanan,,도시,31.565278,34.849167,미가 1:11,확인 필요
a0c4f5e,Zaanannim,Zaanannim,,도시,32.72113,35.41064,여호수아 19:33; 사사기 4:11,확인 필요
a74c453,Zair,Zair,,도시,31.036904,35.487657,열왕기하 8:21,확인 필요
a93ed69,Zalmon,Zalmon,,산,32.666667,36.733333,시편 68:14,확인 필요
a1c6a50,Zalmonah,Zalmonah,,campsite,30.81217,35.37339,민수기 33:41; 민수기 33:42,확인 필요
a28f432,Zanoah 1,Zanoah 1,,도시,31.71944,35.00129,여호수아 15:34; 느헤미야 3:13; 느헤미야 11:30,확인 필요
afe28fe,Zanoah 2,Zanoah 2,,도시,31.45015,35.053525,여호수아 15:56,확인 필요
ab49753,Zaphon 1,Zaphon 1,,도시,32.26769,35.577241,여호수아 13:27; 사사기 12:1,확인 필요
a78e845,Zaphon 2,Zaphon 2,,산,35.9525,35.969306,욥기 26:7; 시편 48:2; 이사야 14:13,확인 필요
a6fa2d3,Zarephath,Zarephath,,도시,33.464227,35.295136,열왕기상 17:9; 열왕기상 17:10; 오바댜 1:20; 누가복음 4:26,확인 필요
afa84ca,Zarethan,Zarethan,,도시,32.26769,35.577241,여호수아 3:16; 열왕기상 4:12; 열왕기상 7:46,확인 필요
abfbfb9,Zeboiim,Zeboiim,,도시,31.20849,35.449223,창세기 10:19; 창세기 14:2; 창세기 14:8; 신명기 29:23; 호세아 11:8,확인 필요
a7e3823,Zeboim,Zeboim,,도시,32.002953,34.895503,느헤미야 11:34,확인 필요
aab92ca,Zedad,Zedad,,도시,34.313456,36.924189,민수기 34:8; 에스겔 47:15,확인 필요
a597dd0,Zela,Zela,,도시,31.802528,35.209636,여호수아 18:28; 사무엘하 21:14,확인 필요
a811a10,Zemaraim,Zemaraim,,도시,31.90879,35.2117,여호수아 18:22,확인 필요
a5e1150,Zenan,Zenan,,도시,31.565278,34.849167,여호수아 15:37,확인 필요
a6163e0,Zephath,Zephath,,도시,31.212285,34.958277,사사기 1:17,확인 필요
a061538,Zer,Zer,,도시,32.799722,35.459722,여호수아 19:35,확인 필요
ab5161f,Zered,Zered,,강,31.02701,35.48533,신명기 2:13; 신명기 2:14,확인 필요
a07ae2d,Zeredah 1,Zeredah 1,,도시,32.04638,35.09719,열왕기상 11:26,확인 필요
a6dc035,Zeredah 2,Zeredah 2,,도시,32.26769,35.577241,역대하 4:17,확인 필요
a0bccbd,Zererah,Zererah,,도시,32.26769,35.577241,사사기 7:22,확인 필요
a31a510,Zereth-shahar,Zereth-shahar,,도시,31.597,35.559306,여호수아 13:19,확인 필요
a8248e0,Ziddim,Ziddim,,도시,32.80758,35.45382,여호수아 19:35,확인 필요
a0ed7ff,Ziklag,Ziklag,,도시,31.3912,34.6816,여호수아 15:31; 여호수아 19:5; 사무엘상 27:6; 사무엘상 30:1; 사무엘상 30:3,확인 필요
a5bbf9c,Zimri,Zimri,,지역,32.18922,48.25778,예레미야 25:25,확인 필요
a0b5c50,Zin 1,Zin 1,,지역,30.971,35.325,민수기 13:21; 민수기 20:1; 민수기 27:14; 민수기 33:36; 민수기 34:3,확인 필요
a190097,Zin 2,Zin 2,,지역,30.971,35.325,민수기 34:4; 여호수아 15:3,확인 필요
af20c46,Zion,시온,,도시,31.776667,35.234167,사무엘하 5:7; 열왕기상 8:1; 열왕기하 19:21; 역대상 11:5; 역대하 5:2,공식 성경 표기
ac2907d,Zior,Zior,,도시,31.525087,35.10222,여호수아 15:54,확인 필요
a9b852f,Ziph 1,Ziph 1,,도시,31.47475,35.13514,여호수아 15:55; 사무엘상 23:19; 사무엘상 23:24; 사무엘상 26:1; 역대하 11:8,확인 필요
aab3ff0,Ziph 2,Ziph 2,,도시,30.99677,34.98188,여호수아 15:24,확인 필요
adf05b8,Ziphron,Ziphron,,도시,34.266667,37.066667,민수기 34:9,확인 필요
a4446f1,Ziz,Ziz,,지역,31.5607,35.38364,역대하 20:16,확인 필요
ac31fee,Zoan,Zoan,,도시,30.976944,31.88,민수기 13:22; 시편 78:12; 시편 78:43; 이사야 19:11; 이사야 19:13,확인 필요
aacfcda,Zoar,Zoar,,도시,31.036904,35.487657,창세기 13:10; 창세기 14:2; 창세기 14:8; 창세기 19:22; 창세기 19:23,확인 필요
a4aa78a,Zobah,Zobah,,지역,33.935278,36.150833,사무엘상 14:47; 사무엘하 8:3; 사무엘하 8:5; 사무엘하 8:12; 사무엘하 10:6,확인 필요
ae7f7b5,Zophim,Zophim,,natural area,31.77107,35.73394,민수기 23:14,확인 필요
a08174b,Zorah,Zorah,,도시,31.773992,34.985289,여호수아 15:33; 여호수아 19:41; 사사기 13:2; 사사기 13:25; 사사기 16:31,확인 필요
a4d0250,Zuph,Zuph,,지역,31.85434,35.23161,사무엘상 9:5,확인 필요
